id_cliente;mes_safra;atraso_90d
C0001;2023-09;0
C0001;2023-10;0
C0001;2023-11;0
C0001;2023-12;0
C0001;2024-01;0
C0001;2024-02;0
C0001;2024-03;0
C0001;2024-04;0
C0001;2024-05;1
C0001;2024-06;0
C0001;2024-07;0
C0001;2024-08;0
C0001;2024-09;0
C0001;2024-10;0
C0001;2024-11;0
C0001;2024-12;0
C0001;2025-01;1
C0001;2025-02;0
C0001;2025-03;0
C0001;2025-04;0
C0001;2025-05;1
C0001;2025-06;0
C0001;2025-07;0
C0001;2025-08;1
C0002;2023-09;0
C0002;2023-10;0
C0002;2023-11;0
C0002;2023-12;0
C0002;2024-01;0
C0002;2024-02;0
C0002;2024-03;0
C0002;2024-04;0
C0002;2024-05;0
C0002;2024-06;0
C0002;2024-07;0
C0002;2024-08;1
C0002;2024-09;0
C0002;2024-10;1
C0002;2024-11;0
C0002;2024-12;0
C0002;2025-01;0
C0002;2025-02;0
C0002;2025-03;0
C0002;2025-04;0
C0002;2025-05;1
C0002;2025-06;0
C0002;2025-07;0
C0002;2025-08;1
C0003;2023-09;0
C0003;2023-10;1
C0003;2023-11;0
C0003;2023-12;0
C0003;2024-01;0
C0003;2024-02;0
C0003;2024-03;0
C0003;2024-04;0
C0003;2024-05;0
C0003;2024-06;0
C0003;2024-07;0
C0003;2024-08;0
C0003;2024-09;0
C0003;2024-10;0
C0003;2024-11;0
C0003;2024-12;0
C0003;2025-01;0
C0003;2025-02;0
C0003;2025-03;0
C0003;2025-04;0
C0003;2025-05;0
C0003;2025-06;0
C0003;2025-07;0
C0003;2025-08;0
C0004;2023-09;0
C0004;2023-10;0
C0004;2023-11;0
C0004;2023-12;0
C0004;2024-01;0
C0004;2024-02;0
C0004;2024-03;0
C0004;2024-04;0
C0004;2024-05;0
C0004;2024-06;0
C0004;2024-07;0
C0004;2024-08;0
C0004;2024-09;0
C0004;2024-10;0
C0004;2024-11;0
C0004;2024-12;0
C0004;2025-01;0
C0004;2025-02;0
C0004;2025-03;1
C0004;2025-04;0
C0004;2025-05;0
C0004;2025-06;0
C0004;2025-07;0
C0004;2025-08;1
C0005;2023-09;0
C0005;2023-10;0
C0005;2023-11;0
C0005;2023-12;0
C0005;2024-01;0
C0005;2024-02;0
C0005;2024-03;0
C0005;2024-04;0
C0005;2024-05;1
C0005;2024-06;0
C0005;2024-07;0
C0005;2024-08;1
C0005;2024-09;0
C0005;2024-10;0
C0005;2024-11;0
C0005;2024-12;0
C0005;2025-01;0
C0005;2025-02;0
C0005;2025-03;0
C0005;2025-04;0
C0005;2025-05;0
C0005;2025-06;0
C0005;2025-07;0
C0005;2025-08;0
C0006;2023-09;1
C0006;2023-10;0
C0006;2023-11;0
C0006;2023-12;0
C0006;2024-01;1
C0006;2024-02;1
C0006;2024-03;0
C0006;2024-04;0
C0006;2024-05;0
C0006;2024-06;1
C0006;2024-07;0
C0006;2024-08;0
C0006;2024-09;0
C0006;2024-10;0
C0006;2024-11;0
C0006;2024-12;0
C0006;2025-01;1
C0006;2025-02;0
C0006;2025-03;0
C0006;2025-04;0
C0006;2025-05;0
C0006;2025-06;0
C0006;2025-07;0
C0006;2025-08;0
C0007;2023-09;0
C0007;2023-10;0
C0007;2023-11;1
C0007;2023-12;0
C0007;2024-01;0
C0007;2024-02;0
C0007;2024-03;0
C0007;2024-04;1
C0007;2024-05;0
C0007;2024-06;0
C0007;2024-07;0
C0007;2024-08;0
C0007;2024-09;0
C0007;2024-10;0
C0007;2024-11;1
C0007;2024-12;0
C0007;2025-01;0
C0007;2025-02;0
C0007;2025-03;0
C0007;2025-04;1
C0007;2025-05;0
C0007;2025-06;0
C0007;2025-07;0
C0007;2025-08;0
C0008;2023-09;0
C0008;2023-10;0
C0008;2023-11;0
C0008;2023-12;0
C0008;2024-01;0
C0008;2024-02;0
C0008;2024-03;0
C0008;2024-04;0
C0008;2024-05;0
C0008;2024-06;0
C0008;2024-07;1
C0008;2024-08;0
C0008;2024-09;0
C0008;2024-10;0
C0008;2024-11;0
C0008;2024-12;0
C0008;2025-01;0
C0008;2025-02;0
C0008;2025-03;0
C0008;2025-04;0
C0008;2025-05;0
C0008;2025-06;0
C0008;2025-07;0
C0008;2025-08;0
C0009;2023-09;0
C0009;2023-10;0
C0009;2023-11;0
C0009;2023-12;0
C0009;2024-01;0
C0009;2024-02;0
C0009;2024-03;0
C0009;2024-04;0
C0009;2024-05;0
C0009;2024-06;0
C0009;2024-07;0
C0009;2024-08;0
C0009;2024-09;0
C0009;2024-10;0
C0009;2024-11;0
C0009;2024-12;0
C0009;2025-01;0
C0009;2025-02;0
C0009;2025-03;0
C0009;2025-04;1
C0009;2025-05;0
C0009;2025-06;0
C0009;2025-07;0
C0009;2025-08;0
C0010;2023-09;0
C0010;2023-10;0
C0010;2023-11;0
C0010;2023-12;0
C0010;2024-01;0
C0010;2024-02;1
C0010;2024-03;0
C0010;2024-04;1
C0010;2024-05;0
C0010;2024-06;0
C0010;2024-07;0
C0010;2024-08;1
C0010;2024-09;0
C0010;2024-10;0
C0010;2024-11;0
C0010;2024-12;0
C0010;2025-01;0
C0010;2025-02;1
C0010;2025-03;0
C0010;2025-04;0
C0010;2025-05;0
C0010;2025-06;0
C0010;2025-07;0
C0010;2025-08;0
C0011;2023-09;0
C0011;2023-10;0
C0011;2023-11;0
C0011;2023-12;0
C0011;2024-01;0
C0011;2024-02;0
C0011;2024-03;0
C0011;2024-04;0
C0011;2024-05;0
C0011;2024-06;0
C0011;2024-07;0
C0011;2024-08;0
C0011;2024-09;0
C0011;2024-10;0
C0011;2024-11;0
C0011;2024-12;0
C0011;2025-01;0
C0011;2025-02;0
C0011;2025-03;1
C0011;2025-04;0
C0011;2025-05;0
C0011;2025-06;0
C0011;2025-07;0
C0011;2025-08;0
C0012;2023-09;0
C0012;2023-10;0
C0012;2023-11;0
C0012;2023-12;0
C0012;2024-01;0
C0012;2024-02;0
C0012;2024-03;0
C0012;2024-04;0
C0012;2024-05;0
C0012;2024-06;0
C0012;2024-07;0
C0012;2024-08;0
C0012;2024-09;0
C0012;2024-10;0
C0012;2024-11;0
C0012;2024-12;1
C0012;2025-01;0
C0012;2025-02;0
C0012;2025-03;0
C0012;2025-04;0
C0012;2025-05;0
C0012;2025-06;0
C0012;2025-07;1
C0012;2025-08;0
C0013;2023-09;0
C0013;2023-10;0
C0013;2023-11;0
C0013;2023-12;0
C0013;2024-01;0
C0013;2024-02;0
C0013;2024-03;0
C0013;2024-04;0
C0013;2024-05;0
C0013;2024-06;1
C0013;2024-07;0
C0013;2024-08;0
C0013;2024-09;0
C0013;2024-10;0
C0013;2024-11;0
C0013;2024-12;0
C0013;2025-01;1
C0013;2025-02;0
C0013;2025-03;0
C0013;2025-04;0
C0013;2025-05;0
C0013;2025-06;0
C0013;2025-07;0
C0013;2025-08;0
C0014;2023-09;0
C0014;2023-10;0
C0014;2023-11;0
C0014;2023-12;0
C0014;2024-01;0
C0014;2024-02;0
C0014;2024-03;0
C0014;2024-04;0
C0014;2024-05;0
C0014;2024-06;0
C0014;2024-07;0
C0014;2024-08;0
C0014;2024-09;0
C0014;2024-10;0
C0014;2024-11;0
C0014;2024-12;0
C0014;2025-01;0
C0014;2025-02;0
C0014;2025-03;1
C0014;2025-04;0
C0014;2025-05;0
C0014;2025-06;0
C0014;2025-07;0
C0014;2025-08;0
C0015;2023-09;0
C0015;2023-10;0
C0015;2023-11;1
C0015;2023-12;0
C0015;2024-01;0
C0015;2024-02;0
C0015;2024-03;0
C0015;2024-04;1
C0015;2024-05;0
C0015;2024-06;0
C0015;2024-07;0
C0015;2024-08;0
C0015;2024-09;0
C0015;2024-10;0
C0015;2024-11;0
C0015;2024-12;0
C0015;2025-01;0
C0015;2025-02;0
C0015;2025-03;0
C0015;2025-04;0
C0015;2025-05;0
C0015;2025-06;0
C0015;2025-07;0
C0015;2025-08;1
C0016;2023-09;0
C0016;2023-10;0
C0016;2023-11;0
C0016;2023-12;0
C0016;2024-01;0
C0016;2024-02;1
C0016;2024-03;0
C0016;2024-04;0
C0016;2024-05;0
C0016;2024-06;0
C0016;2024-07;0
C0016;2024-08;0
C0016;2024-09;0
C0016;2024-10;0
C0016;2024-11;0
C0016;2024-12;0
C0016;2025-01;0
C0016;2025-02;0
C0016;2025-03;0
C0016;2025-04;0
C0016;2025-05;0
C0016;2025-06;0
C0016;2025-07;0
C0016;2025-08;0
C0017;2023-09;0
C0017;2023-10;0
C0017;2023-11;0
C0017;2023-12;0
C0017;2024-01;0
C0017;2024-02;0
C0017;2024-03;0
C0017;2024-04;0
C0017;2024-05;0
C0017;2024-06;0
C0017;2024-07;0
C0017;2024-08;0
C0017;2024-09;0
C0017;2024-10;0
C0017;2024-11;0
C0017;2024-12;0
C0017;2025-01;0
C0017;2025-02;1
C0017;2025-03;0
C0017;2025-04;0
C0017;2025-05;0
C0017;2025-06;0
C0017;2025-07;0
C0017;2025-08;0
C0018;2023-09;0
C0018;2023-10;0
C0018;2023-11;0
C0018;2023-12;0
C0018;2024-01;0
C0018;2024-02;0
C0018;2024-03;1
C0018;2024-04;0
C0018;2024-05;0
C0018;2024-06;0
C0018;2024-07;0
C0018;2024-08;0
C0018;2024-09;0
C0018;2024-10;0
C0018;2024-11;0
C0018;2024-12;0
C0018;2025-01;0
C0018;2025-02;0
C0018;2025-03;0
C0018;2025-04;0
C0018;2025-05;0
C0018;2025-06;0
C0018;2025-07;0
C0018;2025-08;0
C0019;2023-09;0
C0019;2023-10;0
C0019;2023-11;0
C0019;2023-12;0
C0019;2024-01;0
C0019;2024-02;0
C0019;2024-03;1
C0019;2024-04;1
C0019;2024-05;0
C0019;2024-06;1
C0019;2024-07;0
C0019;2024-08;0
C0019;2024-09;0
C0019;2024-10;0
C0019;2024-11;0
C0019;2024-12;0
C0019;2025-01;0
C0019;2025-02;0
C0019;2025-03;0
C0019;2025-04;0
C0019;2025-05;0
C0019;2025-06;0
C0019;2025-07;1
C0019;2025-08;0
C0020;2023-09;0
C0020;2023-10;0
C0020;2023-11;0
C0020;2023-12;0
C0020;2024-01;0
C0020;2024-02;0
C0020;2024-03;0
C0020;2024-04;0
C0020;2024-05;0
C0020;2024-06;0
C0020;2024-07;0
C0020;2024-08;0
C0020;2024-09;0
C0020;2024-10;0
C0020;2024-11;
C0020;2024-12;0
C0020;2025-01;0
C0020;2025-02;0
C0020;2025-03;0
C0020;2025-04;0
C0020;2025-05;0
C0020;2025-06;0
C0020;2025-07;0
C0020;2025-08;0
C0021;2023-09;5
C0021;2023-10;0
C0021;2023-11;0
C0021;2023-12;1
C0021;2024-01;0
C0021;2024-02;0
C0021;2024-03;0
C0021;2024-04;0
C0021;2024-05;0
C0021;2024-06;0
C0021;2024-07;0
C0021;2024-08;0
C0021;2024-09;0
C0021;2024-10;1
C0021;2024-11;0
C0021;2024-12;0
C0021;2025-01;0
C0021;2025-02;0
C0021;2025-03;0
C0021;2025-04;0
C0021;2025-05;0
C0021;2025-06;0
C0021;2025-07;0
C0021;2025-08;1
C0022;2023-09;0
C0022;2023-10;0
C0022;2023-11;0
C0022;2023-12;0
C0022;2024-01;0
C0022;2024-02;1
C0022;2024-03;0
C0022;2024-04;1
C0022;2024-05;0
C0022;2024-06;0
C0022;2024-07;0
C0022;2024-08;0
C0022;2024-09;0
C0022;2024-10;0
C0022;2024-11;0
C0022;2024-12;0
C0022;2025-01;0
C0022;2025-02;0
C0022;2025-03;0
C0022;2025-04;0
C0022;2025-05;0
C0022;2025-06;0
C0022;2025-07;0
C0022;2025-08;0
C0023;2023-09;0
C0023;2023-10;0
C0023;2023-11;0
C0023;2023-12;0
C0023;2024-01;0
C0023;2024-02;1
C0023;2024-03;0
C0023;2024-04;0
C0023;2024-05;0
C0023;2024-06;0
C0023;2024-07;0
C0023;2024-08;0
C0023;2024-09;1
C0023;2024-10;0
C0023;2024-11;0
C0023;2024-12;0
C0023;2025-01;0
C0023;2025-02;0
C0023;2025-03;0
C0023;2025-04;0
C0023;2025-05;0
C0023;2025-06;0
C0023;2025-07;0
C0023;2025-08;0
C0024;2023-09;1
C0024;2023-10;0
C0024;2023-11;0
C0024;2023-12;0
C0024;2024-01;0
C0024;2024-02;0
C0024;2024-03;0
C0024;2024-04;0
C0024;2024-05;0
C0024;2024-06;0
C0024;2024-07;1
C0024;2024-08;0
C0024;2024-09;0
C0024;2024-10;0
C0024;2024-11;0
C0024;2024-12;0
C0024;2025-01;0
C0024;2025-02;0
C0024;2025-03;0
C0024;2025-04;0
C0024;2025-05;0
C0024;2025-06;0
C0024;2025-07;0
C0024;2025-08;0
C0025;2023-09;0
C0025;2023-10;1
C0025;2023-11;0
C0025;2023-12;0
C0025;2024-01;0
C0025;2024-02;0
C0025;2024-03;0
C0025;2024-04;0
C0025;2024-05;0
C0025;2024-06;0
C0025;2024-07;0
C0025;2024-08;0
C0025;2024-09;0
C0025;2024-10;0
C0025;2024-11;1
C0025;2024-12;0
C0025;2025-01;0
C0025;2025-02;0
C0025;2025-03;0
C0025;2025-04;0
C0025;2025-05;0
C0025;2025-06;0
C0025;2025-07;0
C0025;2025-08;0
C0026;2023-09;0
C0026;2023-10;0
C0026;2023-11;0
C0026;2023-12;0
C0026;2024-01;1
C0026;2024-02;0
C0026;2024-03;0
C0026;2024-04;0
C0026;2024-05;0
C0026;2024-06;1
C0026;2024-07;0
C0026;2024-08;0
C0026;2024-09;0
C0026;2024-10;0
C0026;2024-11;0
C0026;2024-12;0
C0026;2025-01;0
C0026;2025-02;0
C0026;2025-03;0
C0026;2025-04;0
C0026;2025-05;0
C0026;2025-06;0
C0026;2025-07;0
C0026;2025-08;0
C0027;2023-09;0
C0027;2023-10;0
C0027;2023-11;0
C0027;2023-12;1
C0027;2024-01;1
C0027;2024-02;0
C0027;2024-03;0
C0027;2024-04;0
C0027;2024-05;0
C0027;2024-06;0
C0027;2024-07;0
C0027;2024-08;0
C0027;2024-09;0
C0027;2024-10;0
C0027;2024-11;0
C0027;2024-12;1
C0027;2025-01;0
C0027;2025-02;0
C0027;2025-03;0
C0027;2025-04;0
C0027;2025-05;0
C0027;2025-06;0
C0027;2025-07;0
C0027;2025-08;0
C0028;2023-09;0
C0028;2023-10;0
C0028;2023-11;0
C0028;2023-12;0
C0028;2024-01;0
C0028;2024-02;0
C0028;2024-03;0
C0028;2024-04;0
C0028;2024-05;0
C0028;2024-06;0
C0028;2024-07;0
C0028;2024-08;0
C0028;2024-09;0
C0028;2024-10;0
C0028;2024-11;0
C0028;2024-12;0
C0028;2025-01;0
C0028;2025-02;0
C0028;2025-03;0
C0028;2025-04;0
C0028;2025-05;0
C0028;2025-06;0
C0028;2025-07;0
C0028;2025-08;0
C0029;2023-09;1
C0029;2023-10;0
C0029;2023-11;0
C0029;2023-12;1
C0029;2024-01;0
C0029;2024-02;0
C0029;2024-03;0
C0029;2024-04;0
C0029;2024-05;0
C0029;2024-06;0
C0029;2024-07;0
C0029;2024-08;0
C0029;2024-09;0
C0029;2024-10;0
C0029;2024-11;0
C0029;2024-12;1
C0029;2025-01;0
C0029;2025-02;0
C0029;2025-03;1
C0029;2025-04;0
C0029;2025-05;0
C0029;2025-06;0
C0029;2025-07;0
C0029;2025-08;0
C0030;2023-09;0
C0030;2023-10;0
C0030;2023-11;0
C0030;2023-12;1
C0030;2024-01;0
C0030;2024-02;1
C0030;2024-03;1
C0030;2024-04;0
C0030;2024-05;0
C0030;2024-06;0
C0030;2024-07;1
C0030;2024-08;0
C0030;2024-09;0
C0030;2024-10;0
C0030;2024-11;0
C0030;2024-12;1
C0030;2025-01;0
C0030;2025-02;0
C0030;2025-03;0
C0030;2025-04;0
C0030;2025-05;1
C0030;2025-06;0
C0030;2025-07;1
C0030;2025-08;0
C0031;2023-09;0
C0031;2023-10;0
C0031;2023-11;1
C0031;2023-12;1
C0031;2024-01;0
C0031;2024-02;0
C0031;2024-03;0
C0031;2024-04;0
C0031;2024-05;0
C0031;2024-06;0
C0031;2024-07;1
C0031;2024-08;0
C0031;2024-09;0
C0031;2024-10;0
C0031;2024-11;0
C0031;2024-12;1
C0031;2025-01;0
C0031;2025-02;0
C0031;2025-03;1
C0031;2025-04;0
C0031;2025-05;0
C0031;2025-06;0
C0031;2025-07;0
C0031;2025-08;0
C0032;2023-09;0
C0032;2023-10;0
C0032;2023-11;0
C0032;2023-12;0
C0032;2024-01;0
C0032;2024-02;0
C0032;2024-03;0
C0032;2024-04;0
C0032;2024-05;0
C0032;2024-06;0
C0032;2024-07;0
C0032;2024-08;0
C0032;2024-09;0
C0032;2024-10;0
C0032;2024-11;1
C0032;2024-12;0
C0032;2025-01;0
C0032;2025-02;0
C0032;2025-03;0
C0032;2025-04;0
C0032;2025-05;1
C0032;2025-06;0
C0032;2025-07;1
C0032;2025-08;0
C0033;2023-09;1
C0033;2023-10;0
C0033;2023-11;0
C0033;2023-12;0
C0033;2024-01;0
C0033;2024-02;0
C0033;2024-03;0
C0033;2024-04;0
C0033;2024-05;0
C0033;2024-06;0
C0033;2024-07;0
C0033;2024-08;1
C0033;2024-09;0
C0033;2024-10;0
C0033;2024-11;0
C0033;2024-12;0
C0033;2025-01;1
C0033;2025-02;0
C0033;2025-03;0
C0033;2025-04;0
C0033;2025-05;0
C0033;2025-06;0
C0033;2025-07;1
C0033;2025-08;0
C0034;2023-09;0
C0034;2023-10;0
C0034;2023-11;0
C0034;2023-12;1
C0034;2024-01;0
C0034;2024-02;0
C0034;2024-03;0
C0034;2024-04;0
C0034;2024-05;0
C0034;2024-06;0
C0034;2024-07;0
C0034;2024-08;1
C0034;2024-09;0
C0034;2024-10;0
C0034;2024-11;0
C0034;2024-12;0
C0034;2025-01;0
C0034;2025-02;0
C0034;2025-03;1
C0034;2025-04;1
C0034;2025-05;0
C0034;2025-06;0
C0034;2025-07;0
C0034;2025-08;0
C0035;2023-09;0
C0035;2023-10;0
C0035;2023-11;0
C0035;2023-12;0
C0035;2024-01;0
C0035;2024-02;0
C0035;2024-03;0
C0035;2024-04;1
C0035;2024-05;1
C0035;2024-06;0
C0035;2024-07;0
C0035;2024-08;0
C0035;2024-09;0
C0035;2024-10;0
C0035;2024-11;0
C0035;2024-12;0
C0035;2025-01;0
C0035;2025-02;0
C0035;2025-03;1
C0035;2025-04;0
C0035;2025-05;0
C0035;2025-06;0
C0035;2025-07;0
C0035;2025-08;0
C0036;2023-09;0
C0036;2023-10;0
C0036;2023-11;0
C0036;2023-12;0
C0036;2024-01;0
C0036;2024-02;0
C0036;2024-03;0
C0036;2024-04;0
C0036;2024-05;0
C0036;2024-06;0
C0036;2024-07;0
C0036;2024-08;1
C0036;2024-09;1
C0036;2024-10;0
C0036;2024-11;0
C0036;2024-12;0
C0036;2025-01;1
C0036;2025-02;0
C0036;2025-03;0
C0036;2025-04;0
C0036;2025-05;0
C0036;2025-06;0
C0036;2025-07;1
C0036;2025-08;0
C0037;2023-09;0
C0037;2023-10;0
C0037;2023-11;0
C0037;2023-12;0
C0037;2024-01;0
C0037;2024-02;0
C0037;2024-03;0
C0037;2024-04;0
C0037;2024-05;0
C0037;2024-06;0
C0037;2024-07;1
C0037;2024-08;0
C0037;2024-09;0
C0037;2024-10;0
C0037;2024-11;0
C0037;2024-12;0
C0037;2025-01;0
C0037;2025-02;0
C0037;2025-03;0
C0037;2025-04;0
C0037;2025-05;0
C0037;2025-06;0
C0037;2025-07;0
C0037;2025-08;0
C0038;2023-09;0
C0038;2023-10;0
C0038;2023-11;0
C0038;2023-12;0
C0038;2024-01;0
C0038;2024-02;0
C0038;2024-03;0
C0038;2024-04;0
C0038;2024-05;0
C0038;2024-06;0
C0038;2024-07;0
C0038;2024-08;0
C0038;2024-09;0
C0038;2024-10;0
C0038;2024-11;0
C0038;2024-12;1
C0038;2025-01;1
C0038;2025-02;1
C0038;2025-03;0
C0038;2025-04;0
C0038;2025-05;0
C0038;2025-06;0
C0038;2025-07;0
C0038;2025-08;0
C0039;2023-09;1
C0039;2023-10;0
C0039;2023-11;0
C0039;2023-12;0
C0039;2024-01;0
C0039;2024-02;0
C0039;2024-03;0
C0039;2024-04;0
C0039;2024-05;0
C0039;2024-06;1
C0039;2024-07;0
C0039;2024-08;0
C0039;2024-09;0
C0039;2024-10;0
C0039;2024-11;0
C0039;2024-12;0
C0039;2025-01;0
C0039;2025-02;1
C0039;2025-03;0
C0039;2025-04;0
C0039;2025-05;0
C0039;2025-06;0
C0039;2025-07;0
C0039;2025-08;0
C0040;2023-09;0
C0040;2023-10;1
C0040;2023-11;0
C0040;2023-12;0
C0040;2024-01;0
C0040;2024-02;0
C0040;2024-03;0
C0040;2024-04;0
C0040;2024-05;0
C0040;2024-06;0
C0040;2024-07;0
C0040;2024-08;0
C0040;2024-09;0
C0040;2024-10;0
C0040;2024-11;0
C0040;2024-12;1
C0040;2025-01;5
C0040;2025-02;0
C0040;2025-03;1
C0040;2025-04;1
C0040;2025-05;0
C0040;2025-06;0
C0040;2025-07;0
C0040;2025-08;0
C0041;2023-09;0
C0041;2023-10;0
C0041;2023-11;0
C0041;2023-12;0
C0041;2024-01;0
C0041;2024-02;0
C0041;2024-03;0
C0041;2024-04;0
C0041;2024-05;0
C0041;2024-06;0
C0041;2024-07;0
C0041;2024-08;0
C0041;2024-09;0
C0041;2024-10;0
C0041;2024-11;0
C0041;2024-12;0
C0041;2025-01;0
C0041;2025-02;0
C0041;2025-03;0
C0041;2025-04;0
C0041;2025-05;0
C0041;2025-06;1
C0041;2025-07;0
C0041;2025-08;0
C0042;2023-09;1
C0042;2023-10;0
C0042;2023-11;0
C0042;2023-12;0
C0042;2024-01;0
C0042;2024-02;0
C0042;2024-03;0
C0042;2024-04;0
C0042;2024-05;0
C0042;2024-06;0
C0042;2024-07;0
C0042;2024-08;0
C0042;2024-09;0
C0042;2024-10;0
C0042;2024-11;0
C0042;2024-12;0
C0042;2025-01;0
C0042;2025-02;1
C0042;2025-03;0
C0042;2025-04;0
C0042;2025-05;0
C0042;2025-06;0
C0042;2025-07;0
C0042;2025-08;0
C0043;2023-09;0
C0043;2023-10;0
C0043;2023-11;0
C0043;2023-12;0
C0043;2024-01;1
C0043;2024-02;0
C0043;2024-03;0
C0043;2024-04;0
C0043;2024-05;0
C0043;2024-06;0
C0043;2024-07;0
C0043;2024-08;0
C0043;2024-09;0
C0043;2024-10;0
C0043;2024-11;0
C0043;2024-12;1
C0043;2025-01;1
C0043;2025-02;0
C0043;2025-03;0
C0043;2025-04;0
C0043;2025-05;0
C0043;2025-06;0
C0043;2025-07;0
C0043;2025-08;0
C0044;2023-09;0
C0044;2023-10;0
C0044;2023-11;0
C0044;2023-12;0
C0044;2024-01;0
C0044;2024-02;0
C0044;2024-03;0
C0044;2024-04;0
C0044;2024-05;0
C0044;2024-06;0
C0044;2024-07;0
C0044;2024-08;0
C0044;2024-09;0
C0044;2024-10;1
C0044;2024-11;0
C0044;2024-12;0
C0044;2025-01;0
C0044;2025-02;0
C0044;2025-03;0
C0044;2025-04;0
C0044;2025-05;0
C0044;2025-06;0
C0044;2025-07;0
C0044;2025-08;0
C0045;2023-09;0
C0045;2023-10;0
C0045;2023-11;0
C0045;2023-12;0
C0045;2024-01;0
C0045;2024-02;0
C0045;2024-03;0
C0045;2024-04;0
C0045;2024-05;0
C0045;2024-06;0
C0045;2024-07;1
C0045;2024-08;0
C0045;2024-09;0
C0045;2024-10;0
C0045;2024-11;0
C0045;2024-12;0
C0045;2025-01;0
C0045;2025-02;1
C0045;2025-03;0
C0045;2025-04;0
C0045;2025-05;0
C0045;2025-06;0
C0045;2025-07;0
C0045;2025-08;0
C0046;2023-09;0
C0046;2023-10;0
C0046;2023-11;0
C0046;2023-12;0
C0046;2024-01;0
C0046;2024-02;0
C0046;2024-03;0
C0046;2024-04;0
C0046;2024-05;0
C0046;2024-06;0
C0046;2024-07;0
C0046;2024-08;0
C0046;2024-09;0
C0046;2024-10;1
C0046;2024-11;0
C0046;2024-12;0
C0046;2025-01;0
C0046;2025-02;0
C0046;2025-03;0
C0046;2025-04;0
C0046;2025-05;0
C0046;2025-06;0
C0046;2025-07;0
C0046;2025-08;0
C0047;2023-09;0
C0047;2023-10;0
C0047;2023-11;0
C0047;2023-12;0
C0047;2024-01;0
C0047;2024-02;0
C0047;2024-03;0
C0047;2024-04;0
C0047;2024-05;0
C0047;2024-06;0
C0047;2024-07;0
C0047;2024-08;0
C0047;2024-09;1
C0047;2024-10;0
C0047;2024-11;0
C0047;2024-12;0
C0047;2025-01;0
C0047;2025-02;0
C0047;2025-03;0
C0047;2025-04;0
C0047;2025-05;0
C0047;2025-06;0
C0047;2025-07;0
C0047;2025-08;0
C0048;2023-09;0
C0048;2023-10;0
C0048;2023-11;1
C0048;2023-12;0
C0048;2024-01;0
C0048;2024-02;1
C0048;2024-03;0
C0048;2024-04;0
C0048;2024-05;1
C0048;2024-06;0
C0048;2024-07;0
C0048;2024-08;0
C0048;2024-09;0
C0048;2024-10;0
C0048;2024-11;0
C0048;2024-12;0
C0048;2025-01;0
C0048;2025-02;0
C0048;2025-03;0
C0048;2025-04;1
C0048;2025-05;0
C0048;2025-06;0
C0048;2025-07;0
C0048;2025-08;1
C0049;2023-09;0
C0049;2023-10;0
C0049;2023-11;0
C0049;2023-12;0
C0049;2024-01;0
C0049;2024-02;
C0049;2024-03;1
C0049;2024-04;0
C0049;2024-05;0
C0049;2024-06;0
C0049;2024-07;0
C0049;2024-08;0
C0049;2024-09;0
C0049;2024-10;0
C0049;2024-11;0
C0049;2024-12;0
C0049;2025-01;0
C0049;2025-02;0
C0049;2025-03;0
C0049;2025-04;0
C0049;2025-05;0
C0049;2025-06;0
C0049;2025-07;1
C0049;2025-08;0
C0050;2023-09;1
C0050;2023-10;0
C0050;2023-11;0
C0050;2023-12;0
C0050;2024-01;0
C0050;2024-02;0
C0050;2024-03;0
C0050;2024-04;0
C0050;2024-05;0
C0050;2024-06;0
C0050;2024-07;0
C0050;2024-08;0
C0050;2024-09;0
C0050;2024-10;0
C0050;2024-11;0
C0050;2024-12;0
C0050;2025-01;0
C0050;2025-02;0
C0050;2025-03;0
C0050;2025-04;0
C0050;2025-05;0
C0050;2025-06;0
C0050;2025-07;0
C0050;2025-08;0
C0051;2023-09;0
C0051;2023-10;1
C0051;2023-11;0
C0051;2023-12;0
C0051;2024-01;0
C0051;2024-02;0
C0051;2024-03;0
C0051;2024-04;0
C0051;2024-05;0
C0051;2024-06;0
C0051;2024-07;0
C0051;2024-08;0
C0051;2024-09;1
C0051;2024-10;0
C0051;2024-11;0
C0051;2024-12;0
C0051;2025-01;0
C0051;2025-02;0
C0051;2025-03;0
C0051;2025-04;0
C0051;2025-05;0
C0051;2025-06;1
C0051;2025-07;0
C0051;2025-08;0
C0052;2023-09;0
C0052;2023-10;0
C0052;2023-11;0
C0052;2023-12;1
C0052;2024-01;0
C0052;2024-02;0
C0052;2024-03;0
C0052;2024-04;0
C0052;2024-05;0
C0052;2024-06;1
C0052;2024-07;0
C0052;2024-08;0
C0052;2024-09;0
C0052;2024-10;0
C0052;2024-11;0
C0052;2024-12;0
C0052;2025-01;0
C0052;2025-02;0
C0052;2025-03;0
C0052;2025-04;0
C0052;2025-05;0
C0052;2025-06;0
C0052;2025-07;1
C0052;2025-08;0
C0053;2023-09;0
C0053;2023-10;0
C0053;2023-11;0
C0053;2023-12;0
C0053;2024-01;0
C0053;2024-02;0
C0053;2024-03;0
C0053;2024-04;0
C0053;2024-05;0
C0053;2024-06;0
C0053;2024-07;0
C0053;2024-08;0
C0053;2024-09;0
C0053;2024-10;0
C0053;2024-11;0
C0053;2024-12;0
C0053;2025-01;0
C0053;2025-02;0
C0053;2025-03;0
C0053;2025-04;0
C0053;2025-05;0
C0053;2025-06;0
C0053;2025-07;0
C0053;2025-08;0
C0054;2023-09;0
C0054;2023-10;0
C0054;2023-11;0
C0054;2023-12;0
C0054;2024-01;0
C0054;2024-02;0
C0054;2024-03;0
C0054;2024-04;0
C0054;2024-05;0
C0054;2024-06;0
C0054;2024-07;0
C0054;2024-08;0
C0054;2024-09;1
C0054;2024-10;0
C0054;2024-11;0
C0054;2024-12;0
C0054;2025-01;1
C0054;2025-02;0
C0054;2025-03;0
C0054;2025-04;0
C0054;2025-05;0
C0054;2025-06;0
C0054;2025-07;1
C0054;2025-08;0
C0055;2023-09;0
C0055;2023-10;0
C0055;2023-11;0
C0055;2023-12;0
C0055;2024-01;0
C0055;2024-02;0
C0055;2024-03;1
C0055;2024-04;0
C0055;2024-05;0
C0055;2024-06;
C0055;2024-07;0
C0055;2024-08;0
C0055;2024-09;1
C0055;2024-10;0
C0055;2024-11;0
C0055;2024-12;0
C0055;2025-01;0
C0055;2025-02;0
C0055;2025-03;0
C0055;2025-04;1
C0055;2025-05;0
C0055;2025-06;0
C0055;2025-07;0
C0055;2025-08;0
C0056;2023-09;0
C0056;2023-10;0
C0056;2023-11;0
C0056;2023-12;0
C0056;2024-01;0
C0056;2024-02;0
C0056;2024-03;0
C0056;2024-04;0
C0056;2024-05;0
C0056;2024-06;0
C0056;2024-07;0
C0056;2024-08;0
C0056;2024-09;0
C0056;2024-10;0
C0056;2024-11;0
C0056;2024-12;0
C0056;2025-01;0
C0056;2025-02;0
C0056;2025-03;0
C0056;2025-04;0
C0056;2025-05;0
C0056;2025-06;0
C0056;2025-07;0
C0056;2025-08;0
C0057;2023-09;0
C0057;2023-10;1
C0057;2023-11;0
C0057;2023-12;0
C0057;2024-01;0
C0057;2024-02;0
C0057;2024-03;0
C0057;2024-04;0
C0057;2024-05;0
C0057;2024-06;0
C0057;2024-07;0
C0057;2024-08;0
C0057;2024-09;0
C0057;2024-10;0
C0057;2024-11;0
C0057;2024-12;0
C0057;2025-01;0
C0057;2025-02;0
C0057;2025-03;0
C0057;2025-04;0
C0057;2025-05;0
C0057;2025-06;0
C0057;2025-07;0
C0057;2025-08;0
C0058;2023-09;0
C0058;2023-10;0
C0058;2023-11;0
C0058;2023-12;1
C0058;2024-01;0
C0058;2024-02;0
C0058;2024-03;0
C0058;2024-04;0
C0058;2024-05;0
C0058;2024-06;0
C0058;2024-07;0
C0058;2024-08;0
C0058;2024-09;0
C0058;2024-10;0
C0058;2024-11;0
C0058;2024-12;0
C0058;2025-01;0
C0058;2025-02;0
C0058;2025-03;0
C0058;2025-04;0
C0058;2025-05;0
C0058;2025-06;0
C0058;2025-07;1
C0058;2025-08;0
C0059;2023-09;0
C0059;2023-10;0
C0059;2023-11;0
C0059;2023-12;0
C0059;2024-01;1
C0059;2024-02;0
C0059;2024-03;0
C0059;2024-04;0
C0059;2024-05;0
C0059;2024-06;0
C0059;2024-07;0
C0059;2024-08;1
C0059;2024-09;0
C0059;2024-10;0
C0059;2024-11;0
C0059;2024-12;0
C0059;2025-01;0
C0059;2025-02;0
C0059;2025-03;0
C0059;2025-04;0
C0059;2025-05;1
C0059;2025-06;0
C0059;2025-07;0
C0059;2025-08;0
C0060;2023-09;1
C0060;2023-10;0
C0060;2023-11;0
C0060;2023-12;0
C0060;2024-01;0
C0060;2024-02;0
C0060;2024-03;0
C0060;2024-04;0
C0060;2024-05;1
C0060;2024-06;0
C0060;2024-07;0
C0060;2024-08;0
C0060;2024-09;0
C0060;2024-10;0
C0060;2024-11;0
C0060;2024-12;0
C0060;2025-01;0
C0060;2025-02;0
C0060;2025-03;0
C0060;2025-04;0
C0060;2025-05;0
C0060;2025-06;0
C0060;2025-07;0
C0060;2025-08;0
C0061;2023-09;1
C0061;2023-10;1
C0061;2023-11;1
C0061;2023-12;0
C0061;2024-01;0
C0061;2024-02;0
C0061;2024-03;0
C0061;2024-04;0
C0061;2024-05;1
C0061;2024-06;0
C0061;2024-07;0
C0061;2024-08;0
C0061;2024-09;1
C0061;2024-10;0
C0061;2024-11;0
C0061;2024-12;0
C0061;2025-01;0
C0061;2025-02;0
C0061;2025-03;0
C0061;2025-04;0
C0061;2025-05;0
C0061;2025-06;0
C0061;2025-07;1
C0061;2025-08;0
C0062;2023-09;0
C0062;2023-10;0
C0062;2023-11;0
C0062;2023-12;0
C0062;2024-01;0
C0062;2024-02;0
C0062;2024-03;0
C0062;2024-04;0
C0062;2024-05;0
C0062;2024-06;0
C0062;2024-07;0
C0062;2024-08;0
C0062;2024-09;0
C0062;2024-10;0
C0062;2024-11;0
C0062;2024-12;1
C0062;2025-01;0
C0062;2025-02;0
C0062;2025-03;0
C0062;2025-04;0
C0062;2025-05;0
C0062;2025-06;0
C0062;2025-07;0
C0062;2025-08;0
C0063;2023-09;0
C0063;2023-10;0
C0063;2023-11;0
C0063;2023-12;1
C0063;2024-01;0
C0063;2024-02;0
C0063;2024-03;0
C0063;2024-04;0
C0063;2024-05;1
C0063;2024-06;0
C0063;2024-07;0
C0063;2024-08;0
C0063;2024-09;0
C0063;2024-10;0
C0063;2024-11;0
C0063;2024-12;0
C0063;2025-01;0
C0063;2025-02;0
C0063;2025-03;0
C0063;2025-04;0
C0063;2025-05;0
C0063;2025-06;0
C0063;2025-07;0
C0063;2025-08;0
C0064;2023-09;1
C0064;2023-10;0
C0064;2023-11;1
C0064;2023-12;0
C0064;2024-01;0
C0064;2024-02;0
C0064;2024-03;1
C0064;2024-04;0
C0064;2024-05;0
C0064;2024-06;0
C0064;2024-07;0
C0064;2024-08;0
C0064;2024-09;0
C0064;2024-10;0
C0064;2024-11;0
C0064;2024-12;0
C0064;2025-01;0
C0064;2025-02;0
C0064;2025-03;0
C0064;2025-04;0
C0064;2025-05;0
C0064;2025-06;0
C0064;2025-07;0
C0064;2025-08;0
C0065;2023-09;0
C0065;2023-10;0
C0065;2023-11;1
C0065;2023-12;0
C0065;2024-01;0
C0065;2024-02;0
C0065;2024-03;0
C0065;2024-04;0
C0065;2024-05;0
C0065;2024-06;0
C0065;2024-07;0
C0065;2024-08;0
C0065;2024-09;0
C0065;2024-10;1
C0065;2024-11;0
C0065;2024-12;0
C0065;2025-01;1
C0065;2025-02;0
C0065;2025-03;0
C0065;2025-04;0
C0065;2025-05;0
C0065;2025-06;0
C0065;2025-07;0
C0065;2025-08;0
C0066;2023-09;0
C0066;2023-10;0
C0066;2023-11;0
C0066;2023-12;0
C0066;2024-01;0
C0066;2024-02;0
C0066;2024-03;0
C0066;2024-04;0
C0066;2024-05;1
C0066;2024-06;0
C0066;2024-07;0
C0066;2024-08;0
C0066;2024-09;0
C0066;2024-10;0
C0066;2024-11;0
C0066;2024-12;0
C0066;2025-01;0
C0066;2025-02;0
C0066;2025-03;0
C0066;2025-04;0
C0066;2025-05;0
C0066;2025-06;0
C0066;2025-07;0
C0066;2025-08;0
C0067;2023-09;0
C0067;2023-10;0
C0067;2023-11;0
C0067;2023-12;0
C0067;2024-01;0
C0067;2024-02;0
C0067;2024-03;0
C0067;2024-04;0
C0067;2024-05;0
C0067;2024-06;0
C0067;2024-07;0
C0067;2024-08;1
C0067;2024-09;0
C0067;2024-10;0
C0067;2024-11;0
C0067;2024-12;0
C0067;2025-01;0
C0067;2025-02;1
C0067;2025-03;0
C0067;2025-04;0
C0067;2025-05;0
C0067;2025-06;0
C0067;2025-07;0
C0067;2025-08;0
C0068;2023-09;0
C0068;2023-10;1
C0068;2023-11;0
C0068;2023-12;0
C0068;2024-01;0
C0068;2024-02;0
C0068;2024-03;1
C0068;2024-04;0
C0068;2024-05;0
C0068;2024-06;0
C0068;2024-07;0
C0068;2024-08;0
C0068;2024-09;0
C0068;2024-10;0
C0068;2024-11;1
C0068;2024-12;0
C0068;2025-01;0
C0068;2025-02;0
C0068;2025-03;0
C0068;2025-04;0
C0068;2025-05;0
C0068;2025-06;0
C0068;2025-07;0
C0068;2025-08;0
C0069;2023-09;0
C0069;2023-10;5
C0069;2023-11;1
C0069;2023-12;0
C0069;2024-01;0
C0069;2024-02;0
C0069;2024-03;0
C0069;2024-04;0
C0069;2024-05;0
C0069;2024-06;0
C0069;2024-07;0
C0069;2024-08;0
C0069;2024-09;0
C0069;2024-10;0
C0069;2024-11;0
C0069;2024-12;0
C0069;2025-01;0
C0069;2025-02;1
C0069;2025-03;0
C0069;2025-04;0
C0069;2025-05;0
C0069;2025-06;0
C0069;2025-07;0
C0069;2025-08;0
C0070;2023-09;0
C0070;2023-10;0
C0070;2023-11;0
C0070;2023-12;0
C0070;2024-01;0
C0070;2024-02;1
C0070;2024-03;0
C0070;2024-04;0
C0070;2024-05;0
C0070;2024-06;0
C0070;2024-07;1
C0070;2024-08;0
C0070;2024-09;1
C0070;2024-10;0
C0070;2024-11;1
C0070;2024-12;0
C0070;2025-01;0
C0070;2025-02;0
C0070;2025-03;0
C0070;2025-04;0
C0070;2025-05;0
C0070;2025-06;0
C0070;2025-07;1
C0070;2025-08;0
C0071;2023-09;0
C0071;2023-10;0
C0071;2023-11;1
C0071;2023-12;1
C0071;2024-01;0
C0071;2024-02;0
C0071;2024-03;0
C0071;2024-04;0
C0071;2024-05;0
C0071;2024-06;0
C0071;2024-07;0
C0071;2024-08;0
C0071;2024-09;0
C0071;2024-10;0
C0071;2024-11;0
C0071;2024-12;0
C0071;2025-01;0
C0071;2025-02;0
C0071;2025-03;0
C0071;2025-04;0
C0071;2025-05;1
C0071;2025-06;0
C0071;2025-07;0
C0071;2025-08;0
C0072;2023-09;0
C0072;2023-10;0
C0072;2023-11;0
C0072;2023-12;0
C0072;2024-01;0
C0072;2024-02;0
C0072;2024-03;0
C0072;2024-04;0
C0072;2024-05;1
C0072;2024-06;0
C0072;2024-07;0
C0072;2024-08;0
C0072;2024-09;0
C0072;2024-10;0
C0072;2024-11;0
C0072;2024-12;0
C0072;2025-01;0
C0072;2025-02;1
C0072;2025-03;0
C0072;2025-04;0
C0072;2025-05;0
C0072;2025-06;1
C0072;2025-07;0
C0072;2025-08;1
C0073;2023-09;
C0073;2023-10;0
C0073;2023-11;0
C0073;2023-12;0
C0073;2024-01;1
C0073;2024-02;0
C0073;2024-03;1
C0073;2024-04;0
C0073;2024-05;0
C0073;2024-06;0
C0073;2024-07;0
C0073;2024-08;0
C0073;2024-09;0
C0073;2024-10;0
C0073;2024-11;0
C0073;2024-12;0
C0073;2025-01;0
C0073;2025-02;0
C0073;2025-03;0
C0073;2025-04;0
C0073;2025-05;0
C0073;2025-06;0
C0073;2025-07;0
C0073;2025-08;0
C0074;2023-09;0
C0074;2023-10;0
C0074;2023-11;0
C0074;2023-12;0
C0074;2024-01;0
C0074;2024-02;0
C0074;2024-03;0
C0074;2024-04;0
C0074;2024-05;0
C0074;2024-06;0
C0074;2024-07;0
C0074;2024-08;0
C0074;2024-09;1
C0074;2024-10;0
C0074;2024-11;0
C0074;2024-12;0
C0074;2025-01;0
C0074;2025-02;0
C0074;2025-03;0
C0074;2025-04;0
C0074;2025-05;0
C0074;2025-06;0
C0074;2025-07;0
C0074;2025-08;1
C0075;2023-09;0
C0075;2023-10;1
C0075;2023-11;0
C0075;2023-12;0
C0075;2024-01;0
C0075;2024-02;0
C0075;2024-03;1
C0075;2024-04;0
C0075;2024-05;0
C0075;2024-06;0
C0075;2024-07;0
C0075;2024-08;0
C0075;2024-09;0
C0075;2024-10;1
C0075;2024-11;0
C0075;2024-12;0
C0075;2025-01;0
C0075;2025-02;0
C0075;2025-03;0
C0075;2025-04;0
C0075;2025-05;0
C0075;2025-06;0
C0075;2025-07;1
C0075;2025-08;0
C0076;2023-09;0
C0076;2023-10;0
C0076;2023-11;0
C0076;2023-12;0
C0076;2024-01;0
C0076;2024-02;0
C0076;2024-03;1
C0076;2024-04;0
C0076;2024-05;0
C0076;2024-06;1
C0076;2024-07;0
C0076;2024-08;0
C0076;2024-09;0
C0076;2024-10;1
C0076;2024-11;0
C0076;2024-12;0
C0076;2025-01;0
C0076;2025-02;0
C0076;2025-03;0
C0076;2025-04;0
C0076;2025-05;0
C0076;2025-06;0
C0076;2025-07;0
C0076;2025-08;0
C0077;2023-09;0
C0077;2023-10;0
C0077;2023-11;0
C0077;2023-12;0
C0077;2024-01;0
C0077;2024-02;0
C0077;2024-03;0
C0077;2024-04;0
C0077;2024-05;0
C0077;2024-06;0
C0077;2024-07;1
C0077;2024-08;0
C0077;2024-09;0
C0077;2024-10;0
C0077;2024-11;0
C0077;2024-12;0
C0077;2025-01;0
C0077;2025-02;0
C0077;2025-03;0
C0077;2025-04;0
C0077;2025-05;0
C0077;2025-06;0
C0077;2025-07;0
C0077;2025-08;0
C0078;2023-09;0
C0078;2023-10;0
C0078;2023-11;0
C0078;2023-12;0
C0078;2024-01;0
C0078;2024-02;0
C0078;2024-03;0
C0078;2024-04;0
C0078;2024-05;0
C0078;2024-06;0
C0078;2024-07;0
C0078;2024-08;0
C0078;2024-09;0
C0078;2024-10;0
C0078;2024-11;0
C0078;2024-12;0
C0078;2025-01;0
C0078;2025-02;0
C0078;2025-03;0
C0078;2025-04;0
C0078;2025-05;0
C0078;2025-06;0
C0078;2025-07;0
C0078;2025-08;0
C0079;2023-09;0
C0079;2023-10;0
C0079;2023-11;0
C0079;2023-12;0
C0079;2024-01;0
C0079;2024-02;0
C0079;2024-03;0
C0079;2024-04;0
C0079;2024-05;0
C0079;2024-06;0
C0079;2024-07;0
C0079;2024-08;0
C0079;2024-09;0
C0079;2024-10;0
C0079;2024-11;0
C0079;2024-12;0
C0079;2025-01;0
C0079;2025-02;0
C0079;2025-03;1
C0079;2025-04;0
C0079;2025-05;0
C0079;2025-06;0
C0079;2025-07;0
C0079;2025-08;0
C0080;2023-09;0
C0080;2023-10;0
C0080;2023-11;0
C0080;2023-12;0
C0080;2024-01;0
C0080;2024-02;0
C0080;2024-03;0
C0080;2024-04;1
C0080;2024-05;0
C0080;2024-06;0
C0080;2024-07;0
C0080;2024-08;0
C0080;2024-09;0
C0080;2024-10;0
C0080;2024-11;0
C0080;2024-12;0
C0080;2025-01;0
C0080;2025-02;0
C0080;2025-03;0
C0080;2025-04;0
C0080;2025-05;0
C0080;2025-06;0
C0080;2025-07;0
C0080;2025-08;0
C0081;2023-09;0
C0081;2023-10;0
C0081;2023-11;0
C0081;2023-12;0
C0081;2024-01;1
C0081;2024-02;0
C0081;2024-03;0
C0081;2024-04;1
C0081;2024-05;0
C0081;2024-06;0
C0081;2024-07;0
C0081;2024-08;0
C0081;2024-09;0
C0081;2024-10;0
C0081;2024-11;0
C0081;2024-12;0
C0081;2025-01;0
C0081;2025-02;1
C0081;2025-03;0
C0081;2025-04;0
C0081;2025-05;0
C0081;2025-06;0
C0081;2025-07;0
C0081;2025-08;0
C0082;2023-09;0
C0082;2023-10;0
C0082;2023-11;0
C0082;2023-12;0
C0082;2024-01;0
C0082;2024-02;0
C0082;2024-03;1
C0082;2024-04;1
C0082;2024-05;1
C0082;2024-06;0
C0082;2024-07;0
C0082;2024-08;0
C0082;2024-09;0
C0082;2024-10;0
C0082;2024-11;0
C0082;2024-12;0
C0082;2025-01;0
C0082;2025-02;0
C0082;2025-03;0
C0082;2025-04;0
C0082;2025-05;0
C0082;2025-06;1
C0082;2025-07;0
C0082;2025-08;0
C0083;2023-09;0
C0083;2023-10;0
C0083;2023-11;0
C0083;2023-12;1
C0083;2024-01;0
C0083;2024-02;1
C0083;2024-03;0
C0083;2024-04;0
C0083;2024-05;0
C0083;2024-06;0
C0083;2024-07;0
C0083;2024-08;0
C0083;2024-09;0
C0083;2024-10;0
C0083;2024-11;1
C0083;2024-12;0
C0083;2025-01;0
C0083;2025-02;0
C0083;2025-03;0
C0083;2025-04;0
C0083;2025-05;0
C0083;2025-06;0
C0083;2025-07;0
C0083;2025-08;0
C0084;2023-09;0
C0084;2023-10;0
C0084;2023-11;0
C0084;2023-12;0
C0084;2024-01;0
C0084;2024-02;0
C0084;2024-03;0
C0084;2024-04;0
C0084;2024-05;0
C0084;2024-06;0
C0084;2024-07;0
C0084;2024-08;0
C0084;2024-09;0
C0084;2024-10;0
C0084;2024-11;0
C0084;2024-12;0
C0084;2025-01;0
C0084;2025-02;0
C0084;2025-03;0
C0084;2025-04;0
C0084;2025-05;0
C0084;2025-06;0
C0084;2025-07;0
C0084;2025-08;0
C0085;2023-09;0
C0085;2023-10;0
C0085;2023-11;0
C0085;2023-12;0
C0085;2024-01;0
C0085;2024-02;0
C0085;2024-03;0
C0085;2024-04;0
C0085;2024-05;0
C0085;2024-06;0
C0085;2024-07;0
C0085;2024-08;0
C0085;2024-09;0
C0085;2024-10;0
C0085;2024-11;0
C0085;2024-12;0
C0085;2025-01;0
C0085;2025-02;0
C0085;2025-03;0
C0085;2025-04;0
C0085;2025-05;0
C0085;2025-06;0
C0085;2025-07;0
C0085;2025-08;0
C0086;2023-09;1
C0086;2023-10;0
C0086;2023-11;0
C0086;2023-12;0
C0086;2024-01;0
C0086;2024-02;0
C0086;2024-03;0
C0086;2024-04;0
C0086;2024-05;0
C0086;2024-06;0
C0086;2024-07;0
C0086;2024-08;1
C0086;2024-09;0
C0086;2024-10;1
C0086;2024-11;0
C0086;2024-12;0
C0086;2025-01;0
C0086;2025-02;0
C0086;2025-03;0
C0086;2025-04;1
C0086;2025-05;1
C0086;2025-06;0
C0086;2025-07;0
C0086;2025-08;0
C0087;2023-09;0
C0087;2023-10;0
C0087;2023-11;0
C0087;2023-12;0
C0087;2024-01;0
C0087;2024-02;0
C0087;2024-03;0
C0087;2024-04;0
C0087;2024-05;1
C0087;2024-06;0
C0087;2024-07;0
C0087;2024-08;0
C0087;2024-09;1
C0087;2024-10;0
C0087;2024-11;0
C0087;2024-12;0
C0087;2025-01;0
C0087;2025-02;0
C0087;2025-03;1
C0087;2025-04;0
C0087;2025-05;1
C0087;2025-06;0
C0087;2025-07;0
C0087;2025-08;0
C0088;2023-09;0
C0088;2023-10;0
C0088;2023-11;1
C0088;2023-12;0
C0088;2024-01;0
C0088;2024-02;0
C0088;2024-03;0
C0088;2024-04;0
C0088;2024-05;1
C0088;2024-06;0
C0088;2024-07;0
C0088;2024-08;0
C0088;2024-09;0
C0088;2024-10;0
C0088;2024-11;0
C0088;2024-12;0
C0088;2025-01;0
C0088;2025-02;0
C0088;2025-03;0
C0088;2025-04;0
C0088;2025-05;0
C0088;2025-06;0
C0088;2025-07;0
C0088;2025-08;0
C0089;2023-09;1
C0089;2023-10;0
C0089;2023-11;0
C0089;2023-12;0
C0089;2024-01;0
C0089;2024-02;0
C0089;2024-03;0
C0089;2024-04;0
C0089;2024-05;0
C0089;2024-06;0
C0089;2024-07;0
C0089;2024-08;0
C0089;2024-09;0
C0089;2024-10;0
C0089;2024-11;0
C0089;2024-12;0
C0089;2025-01;0
C0089;2025-02;0
C0089;2025-03;0
C0089;2025-04;0
C0089;2025-05;0
C0089;2025-06;0
C0089;2025-07;1
C0089;2025-08;0
C0090;2023-09;1
C0090;2023-10;0
C0090;2023-11;0
C0090;2023-12;0
C0090;2024-01;0
C0090;2024-02;0
C0090;2024-03;0
C0090;2024-04;0
C0090;2024-05;0
C0090;2024-06;0
C0090;2024-07;1
C0090;2024-08;0
C0090;2024-09;0
C0090;2024-10;0
C0090;2024-11;1
C0090;2024-12;0
C0090;2025-01;0
C0090;2025-02;0
C0090;2025-03;0
C0090;2025-04;0
C0090;2025-05;0
C0090;2025-06;0
C0090;2025-07;0
C0090;2025-08;0
C0091;2023-09;0
C0091;2023-10;0
C0091;2023-11;0
C0091;2023-12;0
C0091;2024-01;0
C0091;2024-02;1
C0091;2024-03;0
C0091;2024-04;0
C0091;2024-05;0
C0091;2024-06;1
C0091;2024-07;0
C0091;2024-08;0
C0091;2024-09;0
C0091;2024-10;0
C0091;2024-11;0
C0091;2024-12;0
C0091;2025-01;1
C0091;2025-02;0
C0091;2025-03;0
C0091;2025-04;0
C0091;2025-05;1
C0091;2025-06;0
C0091;2025-07;0
C0091;2025-08;1
C0092;2023-09;0
C0092;2023-10;0
C0092;2023-11;0
C0092;2023-12;1
C0092;2024-01;0
C0092;2024-02;0
C0092;2024-03;0
C0092;2024-04;0
C0092;2024-05;1
C0092;2024-06;1
C0092;2024-07;0
C0092;2024-08;0
C0092;2024-09;0
C0092;2024-10;0
C0092;2024-11;0
C0092;2024-12;0
C0092;2025-01;0
C0092;2025-02;0
C0092;2025-03;0
C0092;2025-04;0
C0092;2025-05;0
C0092;2025-06;0
C0092;2025-07;0
C0092;2025-08;0
C0093;2023-09;0
C0093;2023-10;0
C0093;2023-11;0
C0093;2023-12;0
C0093;2024-01;0
C0093;2024-02;0
C0093;2024-03;0
C0093;2024-04;0
C0093;2024-05;0
C0093;2024-06;1
C0093;2024-07;0
C0093;2024-08;0
C0093;2024-09;0
C0093;2024-10;0
C0093;2024-11;0
C0093;2024-12;0
C0093;2025-01;1
C0093;2025-02;0
C0093;2025-03;1
C0093;2025-04;0
C0093;2025-05;0
C0093;2025-06;0
C0093;2025-07;0
C0093;2025-08;0
C0094;2023-09;0
C0094;2023-10;0
C0094;2023-11;1
C0094;2023-12;0
C0094;2024-01;0
C0094;2024-02;1
C0094;2024-03;0
C0094;2024-04;0
C0094;2024-05;0
C0094;2024-06;0
C0094;2024-07;0
C0094;2024-08;0
C0094;2024-09;0
C0094;2024-10;0
C0094;2024-11;0
C0094;2024-12;1
C0094;2025-01;0
C0094;2025-02;0
C0094;2025-03;0
C0094;2025-04;0
C0094;2025-05;0
C0094;2025-06;0
C0094;2025-07;0
C0094;2025-08;0
C0095;2023-09;0
C0095;2023-10;0
C0095;2023-11;0
C0095;2023-12;0
C0095;2024-01;0
C0095;2024-02;0
C0095;2024-03;0
C0095;2024-04;0
C0095;2024-05;0
C0095;2024-06;0
C0095;2024-07;0
C0095;2024-08;0
C0095;2024-09;0
C0095;2024-10;0
C0095;2024-11;0
C0095;2024-12;0
C0095;2025-01;0
C0095;2025-02;0
C0095;2025-03;0
C0095;2025-04;0
C0095;2025-05;0
C0095;2025-06;0
C0095;2025-07;0
C0095;2025-08;0
C0096;2023-09;0
C0096;2023-10;0
C0096;2023-11;1
C0096;2023-12;0
C0096;2024-01;0
C0096;2024-02;0
C0096;2024-03;0
C0096;2024-04;1
C0096;2024-05;0
C0096;2024-06;0
C0096;2024-07;0
C0096;2024-08;0
C0096;2024-09;1
C0096;2024-10;0
C0096;2024-11;0
C0096;2024-12;0
C0096;2025-01;0
C0096;2025-02;0
C0096;2025-03;0
C0096;2025-04;0
C0096;2025-05;0
C0096;2025-06;0
C0096;2025-07;1
C0096;2025-08;0
C0097;2023-09;0
C0097;2023-10;0
C0097;2023-11;0
C0097;2023-12;1
C0097;2024-01;0
C0097;2024-02;0
C0097;2024-03;0
C0097;2024-04;0
C0097;2024-05;1
C0097;2024-06;1
C0097;2024-07;0
C0097;2024-08;1
C0097;2024-09;0
C0097;2024-10;0
C0097;2024-11;0
C0097;2024-12;0
C0097;2025-01;0
C0097;2025-02;0
C0097;2025-03;0
C0097;2025-04;0
C0097;2025-05;0
C0097;2025-06;0
C0097;2025-07;0
C0097;2025-08;0
C0098;2023-09;0
C0098;2023-10;0
C0098;2023-11;0
C0098;2023-12;0
C0098;2024-01;0
C0098;2024-02;0
C0098;2024-03;0
C0098;2024-04;0
C0098;2024-05;0
C0098;2024-06;0
C0098;2024-07;0
C0098;2024-08;0
C0098;2024-09;0
C0098;2024-10;0
C0098;2024-11;0
C0098;2024-12;0
C0098;2025-01;0
C0098;2025-02;0
C0098;2025-03;0
C0098;2025-04;0
C0098;2025-05;0
C0098;2025-06;0
C0098;2025-07;0
C0098;2025-08;0
C0099;2023-09;0
C0099;2023-10;0
C0099;2023-11;0
C0099;2023-12;0
C0099;2024-01;0
C0099;2024-02;0
C0099;2024-03;0
C0099;2024-04;0
C0099;2024-05;0
C0099;2024-06;0
C0099;2024-07;0
C0099;2024-08;0
C0099;2024-09;0
C0099;2024-10;0
C0099;2024-11;0
C0099;2024-12;0
C0099;2025-01;0
C0099;2025-02;0
C0099;2025-03;0
C0099;2025-04;0
C0099;2025-05;0
C0099;2025-06;0
C0099;2025-07;0
C0099;2025-08;1
C0100;2023-09;0
C0100;2023-10;0
C0100;2023-11;0
C0100;2023-12;0
C0100;2024-01;0
C0100;2024-02;0
C0100;2024-03;0
C0100;2024-04;0
C0100;2024-05;0
C0100;2024-06;0
C0100;2024-07;0
C0100;2024-08;0
C0100;2024-09;0
C0100;2024-10;0
C0100;2024-11;0
C0100;2024-12;0
C0100;2025-01;0
C0100;2025-02;0
C0100;2025-03;0
C0100;2025-04;0
C0100;2025-05;0
C0100;2025-06;0
C0100;2025-07;0
C0100;2025-08;0
C0101;2023-09;0
C0101;2023-10;0
C0101;2023-11;0
C0101;2023-12;0
C0101;2024-01;1
C0101;2024-02;0
C0101;2024-03;0
C0101;2024-04;0
C0101;2024-05;0
C0101;2024-06;0
C0101;2024-07;0
C0101;2024-08;0
C0101;2024-09;0
C0101;2024-10;0
C0101;2024-11;0
C0101;2024-12;0
C0101;2025-01;1
C0101;2025-02;0
C0101;2025-03;0
C0101;2025-04;0
C0101;2025-05;1
C0101;2025-06;0
C0101;2025-07;0
C0101;2025-08;0
C0102;2023-09;0
C0102;2023-10;0
C0102;2023-11;0
C0102;2023-12;0
C0102;2024-01;0
C0102;2024-02;0
C0102;2024-03;0
C0102;2024-04;0
C0102;2024-05;1
C0102;2024-06;0
C0102;2024-07;0
C0102;2024-08;0
C0102;2024-09;0
C0102;2024-10;0
C0102;2024-11;0
C0102;2024-12;0
C0102;2025-01;1
C0102;2025-02;0
C0102;2025-03;0
C0102;2025-04;0
C0102;2025-05;1
C0102;2025-06;1
C0102;2025-07;1
C0102;2025-08;0
C0103;2023-09;0
C0103;2023-10;0
C0103;2023-11;0
C0103;2023-12;0
C0103;2024-01;0
C0103;2024-02;0
C0103;2024-03;0
C0103;2024-04;0
C0103;2024-05;0
C0103;2024-06;0
C0103;2024-07;0
C0103;2024-08;0
C0103;2024-09;0
C0103;2024-10;0
C0103;2024-11;0
C0103;2024-12;0
C0103;2025-01;0
C0103;2025-02;1
C0103;2025-03;0
C0103;2025-04;0
C0103;2025-05;0
C0103;2025-06;0
C0103;2025-07;0
C0103;2025-08;0
C0104;2023-09;0
C0104;2023-10;0
C0104;2023-11;0
C0104;2023-12;0
C0104;2024-01;0
C0104;2024-02;0
C0104;2024-03;0
C0104;2024-04;0
C0104;2024-05;5
C0104;2024-06;0
C0104;2024-07;0
C0104;2024-08;1
C0104;2024-09;0
C0104;2024-10;0
C0104;2024-11;0
C0104;2024-12;0
C0104;2025-01;0
C0104;2025-02;0
C0104;2025-03;0
C0104;2025-04;0
C0104;2025-05;0
C0104;2025-06;0
C0104;2025-07;0
C0104;2025-08;0
C0105;2023-09;0
C0105;2023-10;1
C0105;2023-11;0
C0105;2023-12;0
C0105;2024-01;0
C0105;2024-02;0
C0105;2024-03;0
C0105;2024-04;0
C0105;2024-05;0
C0105;2024-06;1
C0105;2024-07;0
C0105;2024-08;0
C0105;2024-09;0
C0105;2024-10;0
C0105;2024-11;0
C0105;2024-12;0
C0105;2025-01;0
C0105;2025-02;0
C0105;2025-03;0
C0105;2025-04;0
C0105;2025-05;1
C0105;2025-06;0
C0105;2025-07;1
C0105;2025-08;0
C0106;2023-09;0
C0106;2023-10;0
C0106;2023-11;0
C0106;2023-12;0
C0106;2024-01;0
C0106;2024-02;1
C0106;2024-03;0
C0106;2024-04;
C0106;2024-05;0
C0106;2024-06;0
C0106;2024-07;0
C0106;2024-08;0
C0106;2024-09;0
C0106;2024-10;0
C0106;2024-11;0
C0106;2024-12;0
C0106;2025-01;0
C0106;2025-02;0
C0106;2025-03;0
C0106;2025-04;0
C0106;2025-05;0
C0106;2025-06;0
C0106;2025-07;0
C0106;2025-08;0
C0107;2023-09;0
C0107;2023-10;0
C0107;2023-11;0
C0107;2023-12;0
C0107;2024-01;0
C0107;2024-02;0
C0107;2024-03;0
C0107;2024-04;0
C0107;2024-05;0
C0107;2024-06;0
C0107;2024-07;0
C0107;2024-08;0
C0107;2024-09;
C0107;2024-10;0
C0107;2024-11;0
C0107;2024-12;0
C0107;2025-01;0
C0107;2025-02;0
C0107;2025-03;0
C0107;2025-04;1
C0107;2025-05;0
C0107;2025-06;0
C0107;2025-07;0
C0107;2025-08;0
C0108;2023-09;0
C0108;2023-10;0
C0108;2023-11;0
C0108;2023-12;0
C0108;2024-01;0
C0108;2024-02;0
C0108;2024-03;0
C0108;2024-04;0
C0108;2024-05;0
C0108;2024-06;0
C0108;2024-07;0
C0108;2024-08;0
C0108;2024-09;0
C0108;2024-10;0
C0108;2024-11;0
C0108;2024-12;0
C0108;2025-01;0
C0108;2025-02;0
C0108;2025-03;0
C0108;2025-04;0
C0108;2025-05;0
C0108;2025-06;0
C0108;2025-07;0
C0108;2025-08;0
C0109;2023-09;0
C0109;2023-10;1
C0109;2023-11;0
C0109;2023-12;0
C0109;2024-01;0
C0109;2024-02;0
C0109;2024-03;0
C0109;2024-04;0
C0109;2024-05;0
C0109;2024-06;0
C0109;2024-07;0
C0109;2024-08;0
C0109;2024-09;1
C0109;2024-10;1
C0109;2024-11;0
C0109;2024-12;0
C0109;2025-01;0
C0109;2025-02;0
C0109;2025-03;0
C0109;2025-04;0
C0109;2025-05;0
C0109;2025-06;0
C0109;2025-07;0
C0109;2025-08;0
C0110;2023-09;0
C0110;2023-10;0
C0110;2023-11;0
C0110;2023-12;0
C0110;2024-01;0
C0110;2024-02;0
C0110;2024-03;0
C0110;2024-04;0
C0110;2024-05;0
C0110;2024-06;0
C0110;2024-07;0
C0110;2024-08;0
C0110;2024-09;0
C0110;2024-10;0
C0110;2024-11;0
C0110;2024-12;0
C0110;2025-01;0
C0110;2025-02;0
C0110;2025-03;0
C0110;2025-04;0
C0110;2025-05;0
C0110;2025-06;1
C0110;2025-07;1
C0110;2025-08;0
C0111;2023-09;0
C0111;2023-10;0
C0111;2023-11;1
C0111;2023-12;0
C0111;2024-01;0
C0111;2024-02;0
C0111;2024-03;0
C0111;2024-04;0
C0111;2024-05;0
C0111;2024-06;0
C0111;2024-07;0
C0111;2024-08;1
C0111;2024-09;0
C0111;2024-10;0
C0111;2024-11;0
C0111;2024-12;0
C0111;2025-01;0
C0111;2025-02;0
C0111;2025-03;0
C0111;2025-04;0
C0111;2025-05;0
C0111;2025-06;1
C0111;2025-07;0
C0111;2025-08;0
C0112;2023-09;0
C0112;2023-10;0
C0112;2023-11;0
C0112;2023-12;0
C0112;2024-01;0
C0112;2024-02;0
C0112;2024-03;0
C0112;2024-04;0
C0112;2024-05;0
C0112;2024-06;0
C0112;2024-07;0
C0112;2024-08;0
C0112;2024-09;0
C0112;2024-10;0
C0112;2024-11;0
C0112;2024-12;0
C0112;2025-01;0
C0112;2025-02;0
C0112;2025-03;0
C0112;2025-04;0
C0112;2025-05;0
C0112;2025-06;0
C0112;2025-07;1
C0112;2025-08;0
C0113;2023-09;0
C0113;2023-10;0
C0113;2023-11;0
C0113;2023-12;0
C0113;2024-01;0
C0113;2024-02;0
C0113;2024-03;0
C0113;2024-04;0
C0113;2024-05;0
C0113;2024-06;0
C0113;2024-07;1
C0113;2024-08;0
C0113;2024-09;0
C0113;2024-10;0
C0113;2024-11;0
C0113;2024-12;0
C0113;2025-01;0
C0113;2025-02;0
C0113;2025-03;1
C0113;2025-04;0
C0113;2025-05;0
C0113;2025-06;0
C0113;2025-07;0
C0113;2025-08;0
C0114;2023-09;0
C0114;2023-10;0
C0114;2023-11;0
C0114;2023-12;0
C0114;2024-01;0
C0114;2024-02;0
C0114;2024-03;0
C0114;2024-04;0
C0114;2024-05;0
C0114;2024-06;0
C0114;2024-07;0
C0114;2024-08;0
C0114;2024-09;0
C0114;2024-10;0
C0114;2024-11;0
C0114;2024-12;0
C0114;2025-01;1
C0114;2025-02;0
C0114;2025-03;0
C0114;2025-04;0
C0114;2025-05;0
C0114;2025-06;0
C0114;2025-07;0
C0114;2025-08;0
C0115;2023-09;0
C0115;2023-10;0
C0115;2023-11;0
C0115;2023-12;0
C0115;2024-01;0
C0115;2024-02;0
C0115;2024-03;0
C0115;2024-04;0
C0115;2024-05;0
C0115;2024-06;0
C0115;2024-07;0
C0115;2024-08;1
C0115;2024-09;0
C0115;2024-10;1
C0115;2024-11;0
C0115;2024-12;0
C0115;2025-01;0
C0115;2025-02;0
C0115;2025-03;0
C0115;2025-04;0
C0115;2025-05;0
C0115;2025-06;0
C0115;2025-07;0
C0115;2025-08;0
C0116;2023-09;0
C0116;2023-10;0
C0116;2023-11;0
C0116;2023-12;0
C0116;2024-01;0
C0116;2024-02;0
C0116;2024-03;0
C0116;2024-04;0
C0116;2024-05;0
C0116;2024-06;0
C0116;2024-07;0
C0116;2024-08;0
C0116;2024-09;0
C0116;2024-10;0
C0116;2024-11;0
C0116;2024-12;0
C0116;2025-01;0
C0116;2025-02;0
C0116;2025-03;
C0116;2025-04;0
C0116;2025-05;0
C0116;2025-06;0
C0116;2025-07;0
C0116;2025-08;0
C0117;2023-09;0
C0117;2023-10;1
C0117;2023-11;1
C0117;2023-12;0
C0117;2024-01;0
C0117;2024-02;0
C0117;2024-03;1
C0117;2024-04;0
C0117;2024-05;0
C0117;2024-06;0
C0117;2024-07;0
C0117;2024-08;0
C0117;2024-09;0
C0117;2024-10;0
C0117;2024-11;0
C0117;2024-12;0
C0117;2025-01;0
C0117;2025-02;0
C0117;2025-03;0
C0117;2025-04;0
C0117;2025-05;0
C0117;2025-06;0
C0117;2025-07;0
C0117;2025-08;0
C0118;2023-09;0
C0118;2023-10;0
C0118;2023-11;0
C0118;2023-12;0
C0118;2024-01;0
C0118;2024-02;0
C0118;2024-03;0
C0118;2024-04;0
C0118;2024-05;0
C0118;2024-06;0
C0118;2024-07;0
C0118;2024-08;0
C0118;2024-09;0
C0118;2024-10;0
C0118;2024-11;0
C0118;2024-12;0
C0118;2025-01;0
C0118;2025-02;0
C0118;2025-03;0
C0118;2025-04;0
C0118;2025-05;1
C0118;2025-06;0
C0118;2025-07;0
C0118;2025-08;0
C0119;2023-09;0
C0119;2023-10;0
C0119;2023-11;0
C0119;2023-12;0
C0119;2024-01;0
C0119;2024-02;0
C0119;2024-03;0
C0119;2024-04;0
C0119;2024-05;0
C0119;2024-06;0
C0119;2024-07;0
C0119;2024-08;0
C0119;2024-09;0
C0119;2024-10;0
C0119;2024-11;0
C0119;2024-12;1
C0119;2025-01;1
C0119;2025-02;0
C0119;2025-03;0
C0119;2025-04;0
C0119;2025-05;0
C0119;2025-06;0
C0119;2025-07;0
C0119;2025-08;0
C0120;2023-09;0
C0120;2023-10;1
C0120;2023-11;0
C0120;2023-12;0
C0120;2024-01;0
C0120;2024-02;1
C0120;2024-03;0
C0120;2024-04;0
C0120;2024-05;1
C0120;2024-06;0
C0120;2024-07;0
C0120;2024-08;0
C0120;2024-09;1
C0120;2024-10;0
C0120;2024-11;0
C0120;2024-12;0
C0120;2025-01;0
C0120;2025-02;0
C0120;2025-03;0
C0120;2025-04;0
C0120;2025-05;0
C0120;2025-06;0
C0120;2025-07;0
C0120;2025-08;0
C0121;2023-09;0
C0121;2023-10;0
C0121;2023-11;0
C0121;2023-12;0
C0121;2024-01;0
C0121;2024-02;0
C0121;2024-03;0
C0121;2024-04;0
C0121;2024-05;0
C0121;2024-06;0
C0121;2024-07;1
C0121;2024-08;0
C0121;2024-09;0
C0121;2024-10;0
C0121;2024-11;0
C0121;2024-12;0
C0121;2025-01;0
C0121;2025-02;0
C0121;2025-03;0
C0121;2025-04;0
C0121;2025-05;0
C0121;2025-06;0
C0121;2025-07;0
C0121;2025-08;0
C0122;2023-09;0
C0122;2023-10;0
C0122;2023-11;1
C0122;2023-12;0
C0122;2024-01;0
C0122;2024-02;0
C0122;2024-03;0
C0122;2024-04;0
C0122;2024-05;0
C0122;2024-06;1
C0122;2024-07;0
C0122;2024-08;0
C0122;2024-09;0
C0122;2024-10;0
C0122;2024-11;0
C0122;2024-12;0
C0122;2025-01;0
C0122;2025-02;0
C0122;2025-03;0
C0122;2025-04;0
C0122;2025-05;0
C0122;2025-06;0
C0122;2025-07;1
C0122;2025-08;0
C0123;2023-09;0
C0123;2023-10;0
C0123;2023-11;0
C0123;2023-12;0
C0123;2024-01;0
C0123;2024-02;0
C0123;2024-03;0
C0123;2024-04;0
C0123;2024-05;0
C0123;2024-06;1
C0123;2024-07;1
C0123;2024-08;1
C0123;2024-09;0
C0123;2024-10;0
C0123;2024-11;0
C0123;2024-12;0
C0123;2025-01;0
C0123;2025-02;0
C0123;2025-03;0
C0123;2025-04;0
C0123;2025-05;1
C0123;2025-06;0
C0123;2025-07;0
C0123;2025-08;0
C0124;2023-09;0
C0124;2023-10;0
C0124;2023-11;0
C0124;2023-12;0
C0124;2024-01;1
C0124;2024-02;0
C0124;2024-03;0
C0124;2024-04;1
C0124;2024-05;0
C0124;2024-06;0
C0124;2024-07;0
C0124;2024-08;0
C0124;2024-09;0
C0124;2024-10;0
C0124;2024-11;0
C0124;2024-12;0
C0124;2025-01;0
C0124;2025-02;0
C0124;2025-03;0
C0124;2025-04;1
C0124;2025-05;0
C0124;2025-06;0
C0124;2025-07;0
C0124;2025-08;0
C0125;2023-09;0
C0125;2023-10;0
C0125;2023-11;0
C0125;2023-12;0
C0125;2024-01;0
C0125;2024-02;0
C0125;2024-03;0
C0125;2024-04;0
C0125;2024-05;0
C0125;2024-06;0
C0125;2024-07;0
C0125;2024-08;0
C0125;2024-09;0
C0125;2024-10;0
C0125;2024-11;0
C0125;2024-12;0
C0125;2025-01;0
C0125;2025-02;0
C0125;2025-03;0
C0125;2025-04;1
C0125;2025-05;1
C0125;2025-06;0
C0125;2025-07;1
C0125;2025-08;0
C0126;2023-09;0
C0126;2023-10;0
C0126;2023-11;0
C0126;2023-12;0
C0126;2024-01;0
C0126;2024-02;1
C0126;2024-03;0
C0126;2024-04;0
C0126;2024-05;0
C0126;2024-06;0
C0126;2024-07;0
C0126;2024-08;0
C0126;2024-09;1
C0126;2024-10;0
C0126;2024-11;0
C0126;2024-12;0
C0126;2025-01;1
C0126;2025-02;0
C0126;2025-03;0
C0126;2025-04;0
C0126;2025-05;0
C0126;2025-06;0
C0126;2025-07;0
C0126;2025-08;1
C0127;2023-09;0
C0127;2023-10;0
C0127;2023-11;1
C0127;2023-12;0
C0127;2024-01;0
C0127;2024-02;0
C0127;2024-03;0
C0127;2024-04;0
C0127;2024-05;0
C0127;2024-06;0
C0127;2024-07;0
C0127;2024-08;0
C0127;2024-09;0
C0127;2024-10;0
C0127;2024-11;0
C0127;2024-12;0
C0127;2025-01;0
C0127;2025-02;0
C0127;2025-03;0
C0127;2025-04;0
C0127;2025-05;1
C0127;2025-06;0
C0127;2025-07;0
C0127;2025-08;1
C0128;2023-09;0
C0128;2023-10;0
C0128;2023-11;0
C0128;2023-12;0
C0128;2024-01;0
C0128;2024-02;0
C0128;2024-03;0
C0128;2024-04;0
C0128;2024-05;0
C0128;2024-06;0
C0128;2024-07;0
C0128;2024-08;0
C0128;2024-09;0
C0128;2024-10;0
C0128;2024-11;0
C0128;2024-12;0
C0128;2025-01;0
C0128;2025-02;0
C0128;2025-03;0
C0128;2025-04;0
C0128;2025-05;0
C0128;2025-06;1
C0128;2025-07;0
C0128;2025-08;0
C0129;2023-09;0
C0129;2023-10;1
C0129;2023-11;0
C0129;2023-12;0
C0129;2024-01;0
C0129;2024-02;0
C0129;2024-03;0
C0129;2024-04;0
C0129;2024-05;0
C0129;2024-06;0
C0129;2024-07;0
C0129;2024-08;0
C0129;2024-09;0
C0129;2024-10;0
C0129;2024-11;0
C0129;2024-12;0
C0129;2025-01;0
C0129;2025-02;0
C0129;2025-03;0
C0129;2025-04;0
C0129;2025-05;0
C0129;2025-06;0
C0129;2025-07;0
C0129;2025-08;0
C0130;2023-09;0
C0130;2023-10;0
C0130;2023-11;0
C0130;2023-12;0
C0130;2024-01;1
C0130;2024-02;0
C0130;2024-03;0
C0130;2024-04;0
C0130;2024-05;0
C0130;2024-06;0
C0130;2024-07;0
C0130;2024-08;0
C0130;2024-09;0
C0130;2024-10;0
C0130;2024-11;1
C0130;2024-12;0
C0130;2025-01;0
C0130;2025-02;0
C0130;2025-03;0
C0130;2025-04;0
C0130;2025-05;0
C0130;2025-06;0
C0130;2025-07;0
C0130;2025-08;0
C0131;2023-09;
C0131;2023-10;0
C0131;2023-11;0
C0131;2023-12;0
C0131;2024-01;0
C0131;2024-02;0
C0131;2024-03;0
C0131;2024-04;0
C0131;2024-05;0
C0131;2024-06;0
C0131;2024-07;0
C0131;2024-08;0
C0131;2024-09;0
C0131;2024-10;0
C0131;2024-11;0
C0131;2024-12;0
C0131;2025-01;0
C0131;2025-02;0
C0131;2025-03;0
C0131;2025-04;0
C0131;2025-05;1
C0131;2025-06;0
C0131;2025-07;0
C0131;2025-08;0
C0132;2023-09;0
C0132;2023-10;0
C0132;2023-11;0
C0132;2023-12;1
C0132;2024-01;0
C0132;2024-02;0
C0132;2024-03;0
C0132;2024-04;0
C0132;2024-05;0
C0132;2024-06;0
C0132;2024-07;0
C0132;2024-08;0
C0132;2024-09;0
C0132;2024-10;0
C0132;2024-11;0
C0132;2024-12;0
C0132;2025-01;0
C0132;2025-02;0
C0132;2025-03;0
C0132;2025-04;0
C0132;2025-05;0
C0132;2025-06;0
C0132;2025-07;0
C0132;2025-08;0
C0133;2023-09;1
C0133;2023-10;0
C0133;2023-11;0
C0133;2023-12;0
C0133;2024-01;0
C0133;2024-02;0
C0133;2024-03;0
C0133;2024-04;0
C0133;2024-05;0
C0133;2024-06;0
C0133;2024-07;0
C0133;2024-08;0
C0133;2024-09;0
C0133;2024-10;0
C0133;2024-11;0
C0133;2024-12;0
C0133;2025-01;0
C0133;2025-02;0
C0133;2025-03;0
C0133;2025-04;0
C0133;2025-05;0
C0133;2025-06;0
C0133;2025-07;0
C0133;2025-08;0
C0134;2023-09;0
C0134;2023-10;0
C0134;2023-11;1
C0134;2023-12;0
C0134;2024-01;0
C0134;2024-02;0
C0134;2024-03;0
C0134;2024-04;0
C0134;2024-05;0
C0134;2024-06;0
C0134;2024-07;0
C0134;2024-08;0
C0134;2024-09;0
C0134;2024-10;0
C0134;2024-11;0
C0134;2024-12;0
C0134;2025-01;0
C0134;2025-02;0
C0134;2025-03;0
C0134;2025-04;0
C0134;2025-05;0
C0134;2025-06;0
C0134;2025-07;0
C0134;2025-08;0
C0135;2023-09;1
C0135;2023-10;0
C0135;2023-11;0
C0135;2023-12;1
C0135;2024-01;0
C0135;2024-02;0
C0135;2024-03;0
C0135;2024-04;0
C0135;2024-05;0
C0135;2024-06;0
C0135;2024-07;0
C0135;2024-08;0
C0135;2024-09;0
C0135;2024-10;0
C0135;2024-11;0
C0135;2024-12;0
C0135;2025-01;0
C0135;2025-02;0
C0135;2025-03;0
C0135;2025-04;0
C0135;2025-05;0
C0135;2025-06;1
C0135;2025-07;0
C0135;2025-08;0
C0136;2023-09;0
C0136;2023-10;0
C0136;2023-11;0
C0136;2023-12;0
C0136;2024-01;0
C0136;2024-02;0
C0136;2024-03;0
C0136;2024-04;0
C0136;2024-05;1
C0136;2024-06;
C0136;2024-07;0
C0136;2024-08;1
C0136;2024-09;0
C0136;2024-10;0
C0136;2024-11;0
C0136;2024-12;0
C0136;2025-01;0
C0136;2025-02;0
C0136;2025-03;0
C0136;2025-04;0
C0136;2025-05;0
C0136;2025-06;0
C0136;2025-07;0
C0136;2025-08;0
C0137;2023-09;0
C0137;2023-10;0
C0137;2023-11;0
C0137;2023-12;0
C0137;2024-01;0
C0137;2024-02;0
C0137;2024-03;0
C0137;2024-04;0
C0137;2024-05;1
C0137;2024-06;0
C0137;2024-07;1
C0137;2024-08;1
C0137;2024-09;0
C0137;2024-10;0
C0137;2024-11;0
C0137;2024-12;0
C0137;2025-01;0
C0137;2025-02;0
C0137;2025-03;0
C0137;2025-04;0
C0137;2025-05;0
C0137;2025-06;0
C0137;2025-07;0
C0137;2025-08;0
C0138;2023-09;0
C0138;2023-10;0
C0138;2023-11;0
C0138;2023-12;0
C0138;2024-01;0
C0138;2024-02;0
C0138;2024-03;0
C0138;2024-04;0
C0138;2024-05;1
C0138;2024-06;0
C0138;2024-07;0
C0138;2024-08;0
C0138;2024-09;0
C0138;2024-10;0
C0138;2024-11;0
C0138;2024-12;0
C0138;2025-01;0
C0138;2025-02;0
C0138;2025-03;0
C0138;2025-04;0
C0138;2025-05;0
C0138;2025-06;0
C0138;2025-07;0
C0138;2025-08;0
C0139;2023-09;0
C0139;2023-10;0
C0139;2023-11;0
C0139;2023-12;0
C0139;2024-01;0
C0139;2024-02;1
C0139;2024-03;0
C0139;2024-04;0
C0139;2024-05;0
C0139;2024-06;0
C0139;2024-07;0
C0139;2024-08;0
C0139;2024-09;0
C0139;2024-10;0
C0139;2024-11;0
C0139;2024-12;0
C0139;2025-01;0
C0139;2025-02;0
C0139;2025-03;0
C0139;2025-04;0
C0139;2025-05;0
C0139;2025-06;0
C0139;2025-07;1
C0139;2025-08;0
C0140;2023-09;0
C0140;2023-10;0
C0140;2023-11;0
C0140;2023-12;0
C0140;2024-01;0
C0140;2024-02;0
C0140;2024-03;0
C0140;2024-04;0
C0140;2024-05;0
C0140;2024-06;0
C0140;2024-07;0
C0140;2024-08;0
C0140;2024-09;1
C0140;2024-10;0
C0140;2024-11;0
C0140;2024-12;0
C0140;2025-01;0
C0140;2025-02;0
C0140;2025-03;0
C0140;2025-04;0
C0140;2025-05;0
C0140;2025-06;0
C0140;2025-07;0
C0140;2025-08;0
C0141;2023-09;0
C0141;2023-10;1
C0141;2023-11;0
C0141;2023-12;0
C0141;2024-01;0
C0141;2024-02;0
C0141;2024-03;0
C0141;2024-04;0
C0141;2024-05;0
C0141;2024-06;0
C0141;2024-07;0
C0141;2024-08;0
C0141;2024-09;0
C0141;2024-10;1
C0141;2024-11;0
C0141;2024-12;0
C0141;2025-01;0
C0141;2025-02;0
C0141;2025-03;0
C0141;2025-04;0
C0141;2025-05;0
C0141;2025-06;0
C0141;2025-07;0
C0141;2025-08;0
C0142;2023-09;0
C0142;2023-10;0
C0142;2023-11;0
C0142;2023-12;0
C0142;2024-01;0
C0142;2024-02;0
C0142;2024-03;1
C0142;2024-04;0
C0142;2024-05;0
C0142;2024-06;0
C0142;2024-07;1
C0142;2024-08;0
C0142;2024-09;0
C0142;2024-10;0
C0142;2024-11;0
C0142;2024-12;0
C0142;2025-01;0
C0142;2025-02;0
C0142;2025-03;1
C0142;2025-04;0
C0142;2025-05;0
C0142;2025-06;1
C0142;2025-07;0
C0142;2025-08;0
C0143;2023-09;0
C0143;2023-10;0
C0143;2023-11;0
C0143;2023-12;0
C0143;2024-01;0
C0143;2024-02;0
C0143;2024-03;0
C0143;2024-04;0
C0143;2024-05;0
C0143;2024-06;0
C0143;2024-07;0
C0143;2024-08;0
C0143;2024-09;0
C0143;2024-10;0
C0143;2024-11;0
C0143;2024-12;0
C0143;2025-01;0
C0143;2025-02;0
C0143;2025-03;0
C0143;2025-04;1
C0143;2025-05;0
C0143;2025-06;0
C0143;2025-07;0
C0143;2025-08;0
C0144;2023-09;0
C0144;2023-10;0
C0144;2023-11;0
C0144;2023-12;0
C0144;2024-01;0
C0144;2024-02;0
C0144;2024-03;0
C0144;2024-04;0
C0144;2024-05;1
C0144;2024-06;0
C0144;2024-07;0
C0144;2024-08;0
C0144;2024-09;0
C0144;2024-10;0
C0144;2024-11;0
C0144;2024-12;0
C0144;2025-01;1
C0144;2025-02;0
C0144;2025-03;0
C0144;2025-04;0
C0144;2025-05;0
C0144;2025-06;0
C0144;2025-07;0
C0144;2025-08;0
C0145;2023-09;0
C0145;2023-10;0
C0145;2023-11;1
C0145;2023-12;0
C0145;2024-01;0
C0145;2024-02;0
C0145;2024-03;0
C0145;2024-04;0
C0145;2024-05;0
C0145;2024-06;0
C0145;2024-07;0
C0145;2024-08;0
C0145;2024-09;0
C0145;2024-10;0
C0145;2024-11;1
C0145;2024-12;0
C0145;2025-01;0
C0145;2025-02;0
C0145;2025-03;0
C0145;2025-04;0
C0145;2025-05;0
C0145;2025-06;0
C0145;2025-07;0
C0145;2025-08;0
C0146;2023-09;0
C0146;2023-10;0
C0146;2023-11;0
C0146;2023-12;0
C0146;2024-01;0
C0146;2024-02;0
C0146;2024-03;0
C0146;2024-04;0
C0146;2024-05;0
C0146;2024-06;0
C0146;2024-07;1
C0146;2024-08;0
C0146;2024-09;1
C0146;2024-10;0
C0146;2024-11;0
C0146;2024-12;1
C0146;2025-01;0
C0146;2025-02;0
C0146;2025-03;0
C0146;2025-04;0
C0146;2025-05;0
C0146;2025-06;0
C0146;2025-07;0
C0146;2025-08;0
C0147;2023-09;0
C0147;2023-10;1
C0147;2023-11;0
C0147;2023-12;0
C0147;2024-01;0
C0147;2024-02;0
C0147;2024-03;0
C0147;2024-04;0
C0147;2024-05;0
C0147;2024-06;0
C0147;2024-07;0
C0147;2024-08;0
C0147;2024-09;0
C0147;2024-10;0
C0147;2024-11;0
C0147;2024-12;0
C0147;2025-01;0
C0147;2025-02;0
C0147;2025-03;0
C0147;2025-04;0
C0147;2025-05;0
C0147;2025-06;0
C0147;2025-07;0
C0147;2025-08;0
C0148;2023-09;0
C0148;2023-10;0
C0148;2023-11;0
C0148;2023-12;0
C0148;2024-01;0
C0148;2024-02;1
C0148;2024-03;0
C0148;2024-04;0
C0148;2024-05;0
C0148;2024-06;0
C0148;2024-07;0
C0148;2024-08;0
C0148;2024-09;0
C0148;2024-10;0
C0148;2024-11;0
C0148;2024-12;0
C0148;2025-01;0
C0148;2025-02;0
C0148;2025-03;0
C0148;2025-04;0
C0148;2025-05;0
C0148;2025-06;0
C0148;2025-07;0
C0148;2025-08;0
C0149;2023-09;1
C0149;2023-10;0
C0149;2023-11;1
C0149;2023-12;0
C0149;2024-01;0
C0149;2024-02;1
C0149;2024-03;0
C0149;2024-04;0
C0149;2024-05;0
C0149;2024-06;0
C0149;2024-07;0
C0149;2024-08;0
C0149;2024-09;0
C0149;2024-10;0
C0149;2024-11;0
C0149;2024-12;0
C0149;2025-01;0
C0149;2025-02;1
C0149;2025-03;0
C0149;2025-04;0
C0149;2025-05;0
C0149;2025-06;0
C0149;2025-07;0
C0149;2025-08;0
C0150;2023-09;0
C0150;2023-10;1
C0150;2023-11;0
C0150;2023-12;0
C0150;2024-01;0
C0150;2024-02;0
C0150;2024-03;0
C0150;2024-04;1
C0150;2024-05;0
C0150;2024-06;0
C0150;2024-07;0
C0150;2024-08;0
C0150;2024-09;0
C0150;2024-10;0
C0150;2024-11;0
C0150;2024-12;1
C0150;2025-01;0
C0150;2025-02;0
C0150;2025-03;0
C0150;2025-04;0
C0150;2025-05;0
C0150;2025-06;0
C0150;2025-07;0
C0150;2025-08;0
C0151;2023-09;0
C0151;2023-10;0
C0151;2023-11;0
C0151;2023-12;0
C0151;2024-01;0
C0151;2024-02;1
C0151;2024-03;0
C0151;2024-04;0
C0151;2024-05;0
C0151;2024-06;0
C0151;2024-07;0
C0151;2024-08;0
C0151;2024-09;0
C0151;2024-10;0
C0151;2024-11;0
C0151;2024-12;0
C0151;2025-01;0
C0151;2025-02;0
C0151;2025-03;0
C0151;2025-04;0
C0151;2025-05;0
C0151;2025-06;0
C0151;2025-07;1
C0151;2025-08;0
C0152;2023-09;0
C0152;2023-10;0
C0152;2023-11;1
C0152;2023-12;0
C0152;2024-01;0
C0152;2024-02;0
C0152;2024-03;0
C0152;2024-04;0
C0152;2024-05;0
C0152;2024-06;0
C0152;2024-07;0
C0152;2024-08;0
C0152;2024-09;0
C0152;2024-10;1
C0152;2024-11;0
C0152;2024-12;0
C0152;2025-01;0
C0152;2025-02;0
C0152;2025-03;0
C0152;2025-04;0
C0152;2025-05;0
C0152;2025-06;0
C0152;2025-07;0
C0152;2025-08;0
C0153;2023-09;0
C0153;2023-10;0
C0153;2023-11;0
C0153;2023-12;0
C0153;2024-01;0
C0153;2024-02;0
C0153;2024-03;0
C0153;2024-04;0
C0153;2024-05;0
C0153;2024-06;0
C0153;2024-07;0
C0153;2024-08;0
C0153;2024-09;0
C0153;2024-10;0
C0153;2024-11;0
C0153;2024-12;0
C0153;2025-01;0
C0153;2025-02;0
C0153;2025-03;1
C0153;2025-04;0
C0153;2025-05;0
C0153;2025-06;0
C0153;2025-07;0
C0153;2025-08;0
C0154;2023-09;0
C0154;2023-10;0
C0154;2023-11;0
C0154;2023-12;0
C0154;2024-01;0
C0154;2024-02;0
C0154;2024-03;0
C0154;2024-04;0
C0154;2024-05;0
C0154;2024-06;0
C0154;2024-07;0
C0154;2024-08;0
C0154;2024-09;0
C0154;2024-10;0
C0154;2024-11;0
C0154;2024-12;0
C0154;2025-01;1
C0154;2025-02;0
C0154;2025-03;0
C0154;2025-04;0
C0154;2025-05;0
C0154;2025-06;0
C0154;2025-07;0
C0154;2025-08;0
C0155;2023-09;0
C0155;2023-10;0
C0155;2023-11;0
C0155;2023-12;0
C0155;2024-01;0
C0155;2024-02;0
C0155;2024-03;1
C0155;2024-04;0
C0155;2024-05;0
C0155;2024-06;0
C0155;2024-07;0
C0155;2024-08;0
C0155;2024-09;1
C0155;2024-10;0
C0155;2024-11;1
C0155;2024-12;0
C0155;2025-01;0
C0155;2025-02;0
C0155;2025-03;0
C0155;2025-04;1
C0155;2025-05;0
C0155;2025-06;0
C0155;2025-07;0
C0155;2025-08;0
C0156;2023-09;1
C0156;2023-10;0
C0156;2023-11;0
C0156;2023-12;0
C0156;2024-01;0
C0156;2024-02;0
C0156;2024-03;0
C0156;2024-04;0
C0156;2024-05;0
C0156;2024-06;1
C0156;2024-07;0
C0156;2024-08;0
C0156;2024-09;1
C0156;2024-10;0
C0156;2024-11;1
C0156;2024-12;1
C0156;2025-01;0
C0156;2025-02;0
C0156;2025-03;0
C0156;2025-04;0
C0156;2025-05;0
C0156;2025-06;0
C0156;2025-07;0
C0156;2025-08;0
C0157;2023-09;0
C0157;2023-10;0
C0157;2023-11;0
C0157;2023-12;0
C0157;2024-01;0
C0157;2024-02;0
C0157;2024-03;0
C0157;2024-04;0
C0157;2024-05;0
C0157;2024-06;0
C0157;2024-07;0
C0157;2024-08;0
C0157;2024-09;0
C0157;2024-10;0
C0157;2024-11;0
C0157;2024-12;0
C0157;2025-01;0
C0157;2025-02;0
C0157;2025-03;1
C0157;2025-04;0
C0157;2025-05;0
C0157;2025-06;0
C0157;2025-07;0
C0157;2025-08;0
C0158;2023-09;0
C0158;2023-10;0
C0158;2023-11;0
C0158;2023-12;0
C0158;2024-01;0
C0158;2024-02;1
C0158;2024-03;0
C0158;2024-04;0
C0158;2024-05;0
C0158;2024-06;0
C0158;2024-07;0
C0158;2024-08;0
C0158;2024-09;0
C0158;2024-10;0
C0158;2024-11;0
C0158;2024-12;0
C0158;2025-01;0
C0158;2025-02;0
C0158;2025-03;0
C0158;2025-04;0
C0158;2025-05;1
C0158;2025-06;0
C0158;2025-07;0
C0158;2025-08;0
C0159;2023-09;0
C0159;2023-10;0
C0159;2023-11;0
C0159;2023-12;0
C0159;2024-01;0
C0159;2024-02;0
C0159;2024-03;0
C0159;2024-04;1
C0159;2024-05;0
C0159;2024-06;0
C0159;2024-07;0
C0159;2024-08;0
C0159;2024-09;0
C0159;2024-10;1
C0159;2024-11;0
C0159;2024-12;0
C0159;2025-01;0
C0159;2025-02;0
C0159;2025-03;0
C0159;2025-04;1
C0159;2025-05;0
C0159;2025-06;0
C0159;2025-07;0
C0159;2025-08;0
C0160;2023-09;0
C0160;2023-10;0
C0160;2023-11;0
C0160;2023-12;0
C0160;2024-01;0
C0160;2024-02;0
C0160;2024-03;0
C0160;2024-04;0
C0160;2024-05;0
C0160;2024-06;0
C0160;2024-07;0
C0160;2024-08;0
C0160;2024-09;0
C0160;2024-10;1
C0160;2024-11;0
C0160;2024-12;0
C0160;2025-01;1
C0160;2025-02;0
C0160;2025-03;0
C0160;2025-04;0
C0160;2025-05;0
C0160;2025-06;0
C0160;2025-07;
C0160;2025-08;0
C0161;2023-09;0
C0161;2023-10;0
C0161;2023-11;0
C0161;2023-12;0
C0161;2024-01;1
C0161;2024-02;0
C0161;2024-03;0
C0161;2024-04;1
C0161;2024-05;1
C0161;2024-06;0
C0161;2024-07;0
C0161;2024-08;0
C0161;2024-09;0
C0161;2024-10;0
C0161;2024-11;1
C0161;2024-12;0
C0161;2025-01;0
C0161;2025-02;0
C0161;2025-03;0
C0161;2025-04;1
C0161;2025-05;0
C0161;2025-06;0
C0161;2025-07;0
C0161;2025-08;0
C0162;2023-09;0
C0162;2023-10;0
C0162;2023-11;1
C0162;2023-12;0
C0162;2024-01;0
C0162;2024-02;0
C0162;2024-03;0
C0162;2024-04;0
C0162;2024-05;0
C0162;2024-06;0
C0162;2024-07;5
C0162;2024-08;0
C0162;2024-09;0
C0162;2024-10;0
C0162;2024-11;0
C0162;2024-12;0
C0162;2025-01;0
C0162;2025-02;0
C0162;2025-03;0
C0162;2025-04;1
C0162;2025-05;0
C0162;2025-06;0
C0162;2025-07;0
C0162;2025-08;0
C0163;2023-09;0
C0163;2023-10;1
C0163;2023-11;1
C0163;2023-12;0
C0163;2024-01;0
C0163;2024-02;0
C0163;2024-03;0
C0163;2024-04;0
C0163;2024-05;0
C0163;2024-06;1
C0163;2024-07;0
C0163;2024-08;0
C0163;2024-09;0
C0163;2024-10;0
C0163;2024-11;0
C0163;2024-12;1
C0163;2025-01;0
C0163;2025-02;0
C0163;2025-03;0
C0163;2025-04;0
C0163;2025-05;1
C0163;2025-06;0
C0163;2025-07;1
C0163;2025-08;0
C0164;2023-09;0
C0164;2023-10;0
C0164;2023-11;0
C0164;2023-12;0
C0164;2024-01;0
C0164;2024-02;0
C0164;2024-03;0
C0164;2024-04;1
C0164;2024-05;1
C0164;2024-06;0
C0164;2024-07;1
C0164;2024-08;0
C0164;2024-09;0
C0164;2024-10;0
C0164;2024-11;1
C0164;2024-12;0
C0164;2025-01;0
C0164;2025-02;0
C0164;2025-03;0
C0164;2025-04;0
C0164;2025-05;0
C0164;2025-06;0
C0164;2025-07;1
C0164;2025-08;0
C0165;2023-09;0
C0165;2023-10;0
C0165;2023-11;0
C0165;2023-12;0
C0165;2024-01;0
C0165;2024-02;1
C0165;2024-03;0
C0165;2024-04;1
C0165;2024-05;0
C0165;2024-06;0
C0165;2024-07;0
C0165;2024-08;0
C0165;2024-09;0
C0165;2024-10;0
C0165;2024-11;0
C0165;2024-12;0
C0165;2025-01;0
C0165;2025-02;1
C0165;2025-03;0
C0165;2025-04;0
C0165;2025-05;0
C0165;2025-06;0
C0165;2025-07;0
C0165;2025-08;0
C0166;2023-09;0
C0166;2023-10;0
C0166;2023-11;0
C0166;2023-12;0
C0166;2024-01;0
C0166;2024-02;0
C0166;2024-03;0
C0166;2024-04;0
C0166;2024-05;0
C0166;2024-06;0
C0166;2024-07;0
C0166;2024-08;1
C0166;2024-09;0
C0166;2024-10;0
C0166;2024-11;0
C0166;2024-12;0
C0166;2025-01;0
C0166;2025-02;0
C0166;2025-03;1
C0166;2025-04;0
C0166;2025-05;0
C0166;2025-06;0
C0166;2025-07;1
C0166;2025-08;0
C0167;2023-09;0
C0167;2023-10;0
C0167;2023-11;0
C0167;2023-12;0
C0167;2024-01;1
C0167;2024-02;0
C0167;2024-03;0
C0167;2024-04;0
C0167;2024-05;0
C0167;2024-06;0
C0167;2024-07;0
C0167;2024-08;0
C0167;2024-09;0
C0167;2024-10;0
C0167;2024-11;0
C0167;2024-12;0
C0167;2025-01;0
C0167;2025-02;0
C0167;2025-03;1
C0167;2025-04;0
C0167;2025-05;0
C0167;2025-06;0
C0167;2025-07;0
C0167;2025-08;0
C0168;2023-09;0
C0168;2023-10;0
C0168;2023-11;0
C0168;2023-12;0
C0168;2024-01;0
C0168;2024-02;1
C0168;2024-03;0
C0168;2024-04;0
C0168;2024-05;0
C0168;2024-06;0
C0168;2024-07;0
C0168;2024-08;0
C0168;2024-09;0
C0168;2024-10;0
C0168;2024-11;0
C0168;2024-12;0
C0168;2025-01;0
C0168;2025-02;0
C0168;2025-03;0
C0168;2025-04;1
C0168;2025-05;0
C0168;2025-06;0
C0168;2025-07;0
C0168;2025-08;0
C0169;2023-09;0
C0169;2023-10;0
C0169;2023-11;0
C0169;2023-12;0
C0169;2024-01;0
C0169;2024-02;1
C0169;2024-03;1
C0169;2024-04;0
C0169;2024-05;1
C0169;2024-06;0
C0169;2024-07;0
C0169;2024-08;0
C0169;2024-09;0
C0169;2024-10;1
C0169;2024-11;0
C0169;2024-12;0
C0169;2025-01;0
C0169;2025-02;1
C0169;2025-03;0
C0169;2025-04;1
C0169;2025-05;0
C0169;2025-06;0
C0169;2025-07;0
C0169;2025-08;0
C0170;2023-09;0
C0170;2023-10;0
C0170;2023-11;0
C0170;2023-12;0
C0170;2024-01;0
C0170;2024-02;0
C0170;2024-03;0
C0170;2024-04;0
C0170;2024-05;0
C0170;2024-06;0
C0170;2024-07;0
C0170;2024-08;0
C0170;2024-09;0
C0170;2024-10;1
C0170;2024-11;0
C0170;2024-12;1
C0170;2025-01;0
C0170;2025-02;0
C0170;2025-03;0
C0170;2025-04;0
C0170;2025-05;0
C0170;2025-06;0
C0170;2025-07;0
C0170;2025-08;0
C0171;2023-09;0
C0171;2023-10;0
C0171;2023-11;0
C0171;2023-12;0
C0171;2024-01;0
C0171;2024-02;0
C0171;2024-03;0
C0171;2024-04;0
C0171;2024-05;0
C0171;2024-06;0
C0171;2024-07;0
C0171;2024-08;0
C0171;2024-09;0
C0171;2024-10;0
C0171;2024-11;0
C0171;2024-12;1
C0171;2025-01;0
C0171;2025-02;0
C0171;2025-03;0
C0171;2025-04;0
C0171;2025-05;0
C0171;2025-06;0
C0171;2025-07;0
C0171;2025-08;0
C0172;2023-09;0
C0172;2023-10;0
C0172;2023-11;0
C0172;2023-12;0
C0172;2024-01;0
C0172;2024-02;0
C0172;2024-03;0
C0172;2024-04;0
C0172;2024-05;0
C0172;2024-06;1
C0172;2024-07;0
C0172;2024-08;1
C0172;2024-09;0
C0172;2024-10;0
C0172;2024-11;0
C0172;2024-12;0
C0172;2025-01;0
C0172;2025-02;0
C0172;2025-03;0
C0172;2025-04;0
C0172;2025-05;0
C0172;2025-06;1
C0172;2025-07;0
C0172;2025-08;0
C0173;2023-09;0
C0173;2023-10;0
C0173;2023-11;0
C0173;2023-12;0
C0173;2024-01;1
C0173;2024-02;0
C0173;2024-03;0
C0173;2024-04;0
C0173;2024-05;0
C0173;2024-06;0
C0173;2024-07;0
C0173;2024-08;0
C0173;2024-09;0
C0173;2024-10;0
C0173;2024-11;0
C0173;2024-12;0
C0173;2025-01;0
C0173;2025-02;0
C0173;2025-03;0
C0173;2025-04;0
C0173;2025-05;0
C0173;2025-06;0
C0173;2025-07;0
C0173;2025-08;0
C0174;2023-09;0
C0174;2023-10;0
C0174;2023-11;0
C0174;2023-12;0
C0174;2024-01;0
C0174;2024-02;0
C0174;2024-03;0
C0174;2024-04;0
C0174;2024-05;0
C0174;2024-06;1
C0174;2024-07;0
C0174;2024-08;0
C0174;2024-09;1
C0174;2024-10;0
C0174;2024-11;0
C0174;2024-12;0
C0174;2025-01;0
C0174;2025-02;0
C0174;2025-03;0
C0174;2025-04;1
C0174;2025-05;0
C0174;2025-06;0
C0174;2025-07;0
C0174;2025-08;0
C0175;2023-09;0
C0175;2023-10;0
C0175;2023-11;0
C0175;2023-12;0
C0175;2024-01;0
C0175;2024-02;0
C0175;2024-03;0
C0175;2024-04;0
C0175;2024-05;0
C0175;2024-06;0
C0175;2024-07;0
C0175;2024-08;0
C0175;2024-09;0
C0175;2024-10;0
C0175;2024-11;0
C0175;2024-12;0
C0175;2025-01;0
C0175;2025-02;0
C0175;2025-03;0
C0175;2025-04;0
C0175;2025-05;0
C0175;2025-06;0
C0175;2025-07;0
C0175;2025-08;0
C0176;2023-09;0
C0176;2023-10;0
C0176;2023-11;1
C0176;2023-12;0
C0176;2024-01;1
C0176;2024-02;0
C0176;2024-03;0
C0176;2024-04;0
C0176;2024-05;0
C0176;2024-06;0
C0176;2024-07;0
C0176;2024-08;0
C0176;2024-09;0
C0176;2024-10;0
C0176;2024-11;0
C0176;2024-12;0
C0176;2025-01;0
C0176;2025-02;0
C0176;2025-03;0
C0176;2025-04;0
C0176;2025-05;0
C0176;2025-06;0
C0176;2025-07;0
C0176;2025-08;0
C0177;2023-09;0
C0177;2023-10;0
C0177;2023-11;0
C0177;2023-12;0
C0177;2024-01;0
C0177;2024-02;0
C0177;2024-03;0
C0177;2024-04;0
C0177;2024-05;0
C0177;2024-06;1
C0177;2024-07;0
C0177;2024-08;0
C0177;2024-09;0
C0177;2024-10;0
C0177;2024-11;0
C0177;2024-12;0
C0177;2025-01;0
C0177;2025-02;0
C0177;2025-03;0
C0177;2025-04;0
C0177;2025-05;0
C0177;2025-06;1
C0177;2025-07;0
C0177;2025-08;0
C0178;2023-09;0
C0178;2023-10;0
C0178;2023-11;0
C0178;2023-12;0
C0178;2024-01;0
C0178;2024-02;0
C0178;2024-03;0
C0178;2024-04;0
C0178;2024-05;0
C0178;2024-06;0
C0178;2024-07;0
C0178;2024-08;0
C0178;2024-09;0
C0178;2024-10;0
C0178;2024-11;1
C0178;2024-12;0
C0178;2025-01;0
C0178;2025-02;0
C0178;2025-03;0
C0178;2025-04;0
C0178;2025-05;0
C0178;2025-06;1
C0178;2025-07;1
C0178;2025-08;0
C0179;2023-09;0
C0179;2023-10;0
C0179;2023-11;0
C0179;2023-12;0
C0179;2024-01;0
C0179;2024-02;0
C0179;2024-03;0
C0179;2024-04;0
C0179;2024-05;1
C0179;2024-06;1
C0179;2024-07;0
C0179;2024-08;0
C0179;2024-09;1
C0179;2024-10;0
C0179;2024-11;0
C0179;2024-12;0
C0179;2025-01;0
C0179;2025-02;0
C0179;2025-03;0
C0179;2025-04;1
C0179;2025-05;0
C0179;2025-06;0
C0179;2025-07;0
C0179;2025-08;0
C0180;2023-09;0
C0180;2023-10;0
C0180;2023-11;0
C0180;2023-12;0
C0180;2024-01;0
C0180;2024-02;0
C0180;2024-03;0
C0180;2024-04;0
C0180;2024-05;0
C0180;2024-06;0
C0180;2024-07;0
C0180;2024-08;0
C0180;2024-09;0
C0180;2024-10;0
C0180;2024-11;0
C0180;2024-12;0
C0180;2025-01;0
C0180;2025-02;0
C0180;2025-03;0
C0180;2025-04;0
C0180;2025-05;0
C0180;2025-06;0
C0180;2025-07;0
C0180;2025-08;1
C0181;2023-09;0
C0181;2023-10;0
C0181;2023-11;0
C0181;2023-12;1
C0181;2024-01;0
C0181;2024-02;0
C0181;2024-03;0
C0181;2024-04;0
C0181;2024-05;0
C0181;2024-06;0
C0181;2024-07;0
C0181;2024-08;0
C0181;2024-09;0
C0181;2024-10;0
C0181;2024-11;0
C0181;2024-12;1
C0181;2025-01;0
C0181;2025-02;0
C0181;2025-03;0
C0181;2025-04;1
C0181;2025-05;0
C0181;2025-06;0
C0181;2025-07;0
C0181;2025-08;0
C0182;2023-09;0
C0182;2023-10;0
C0182;2023-11;0
C0182;2023-12;0
C0182;2024-01;0
C0182;2024-02;0
C0182;2024-03;0
C0182;2024-04;0
C0182;2024-05;0
C0182;2024-06;0
C0182;2024-07;0
C0182;2024-08;0
C0182;2024-09;0
C0182;2024-10;0
C0182;2024-11;0
C0182;2024-12;0
C0182;2025-01;0
C0182;2025-02;1
C0182;2025-03;1
C0182;2025-04;0
C0182;2025-05;0
C0182;2025-06;0
C0182;2025-07;0
C0182;2025-08;0
C0183;2023-09;0
C0183;2023-10;1
C0183;2023-11;0
C0183;2023-12;0
C0183;2024-01;0
C0183;2024-02;0
C0183;2024-03;0
C0183;2024-04;0
C0183;2024-05;0
C0183;2024-06;0
C0183;2024-07;0
C0183;2024-08;0
C0183;2024-09;0
C0183;2024-10;0
C0183;2024-11;0
C0183;2024-12;1
C0183;2025-01;0
C0183;2025-02;0
C0183;2025-03;0
C0183;2025-04;0
C0183;2025-05;1
C0183;2025-06;0
C0183;2025-07;0
C0183;2025-08;0
C0184;2023-09;0
C0184;2023-10;0
C0184;2023-11;0
C0184;2023-12;0
C0184;2024-01;1
C0184;2024-02;0
C0184;2024-03;0
C0184;2024-04;0
C0184;2024-05;0
C0184;2024-06;0
C0184;2024-07;0
C0184;2024-08;0
C0184;2024-09;0
C0184;2024-10;0
C0184;2024-11;0
C0184;2024-12;0
C0184;2025-01;0
C0184;2025-02;0
C0184;2025-03;0
C0184;2025-04;0
C0184;2025-05;0
C0184;2025-06;0
C0184;2025-07;0
C0184;2025-08;0
C0185;2023-09;0
C0185;2023-10;0
C0185;2023-11;0
C0185;2023-12;0
C0185;2024-01;0
C0185;2024-02;0
C0185;2024-03;1
C0185;2024-04;1
C0185;2024-05;0
C0185;2024-06;0
C0185;2024-07;0
C0185;2024-08;0
C0185;2024-09;0
C0185;2024-10;1
C0185;2024-11;1
C0185;2024-12;1
C0185;2025-01;0
C0185;2025-02;0
C0185;2025-03;0
C0185;2025-04;0
C0185;2025-05;0
C0185;2025-06;0
C0185;2025-07;0
C0185;2025-08;0
C0186;2023-09;0
C0186;2023-10;0
C0186;2023-11;0
C0186;2023-12;0
C0186;2024-01;0
C0186;2024-02;0
C0186;2024-03;0
C0186;2024-04;0
C0186;2024-05;0
C0186;2024-06;0
C0186;2024-07;0
C0186;2024-08;1
C0186;2024-09;0
C0186;2024-10;0
C0186;2024-11;0
C0186;2024-12;0
C0186;2025-01;0
C0186;2025-02;1
C0186;2025-03;0
C0186;2025-04;1
C0186;2025-05;0
C0186;2025-06;0
C0186;2025-07;0
C0186;2025-08;0
C0187;2023-09;0
C0187;2023-10;0
C0187;2023-11;0
C0187;2023-12;0
C0187;2024-01;0
C0187;2024-02;0
C0187;2024-03;0
C0187;2024-04;0
C0187;2024-05;0
C0187;2024-06;0
C0187;2024-07;0
C0187;2024-08;0
C0187;2024-09;0
C0187;2024-10;1
C0187;2024-11;0
C0187;2024-12;0
C0187;2025-01;0
C0187;2025-02;0
C0187;2025-03;0
C0187;2025-04;0
C0187;2025-05;0
C0187;2025-06;0
C0187;2025-07;0
C0187;2025-08;0
C0188;2023-09;0
C0188;2023-10;0
C0188;2023-11;0
C0188;2023-12;0
C0188;2024-01;0
C0188;2024-02;1
C0188;2024-03;0
C0188;2024-04;0
C0188;2024-05;0
C0188;2024-06;0
C0188;2024-07;0
C0188;2024-08;0
C0188;2024-09;0
C0188;2024-10;0
C0188;2024-11;0
C0188;2024-12;0
C0188;2025-01;0
C0188;2025-02;1
C0188;2025-03;0
C0188;2025-04;0
C0188;2025-05;1
C0188;2025-06;0
C0188;2025-07;0
C0188;2025-08;0
C0189;2023-09;0
C0189;2023-10;0
C0189;2023-11;0
C0189;2023-12;1
C0189;2024-01;0
C0189;2024-02;0
C0189;2024-03;0
C0189;2024-04;0
C0189;2024-05;0
C0189;2024-06;1
C0189;2024-07;0
C0189;2024-08;1
C0189;2024-09;0
C0189;2024-10;0
C0189;2024-11;0
C0189;2024-12;0
C0189;2025-01;1
C0189;2025-02;0
C0189;2025-03;0
C0189;2025-04;0
C0189;2025-05;0
C0189;2025-06;0
C0189;2025-07;0
C0189;2025-08;0
C0190;2023-09;0
C0190;2023-10;0
C0190;2023-11;0
C0190;2023-12;0
C0190;2024-01;0
C0190;2024-02;0
C0190;2024-03;0
C0190;2024-04;0
C0190;2024-05;0
C0190;2024-06;0
C0190;2024-07;0
C0190;2024-08;0
C0190;2024-09;0
C0190;2024-10;0
C0190;2024-11;0
C0190;2024-12;0
C0190;2025-01;0
C0190;2025-02;0
C0190;2025-03;0
C0190;2025-04;0
C0190;2025-05;1
C0190;2025-06;0
C0190;2025-07;0
C0190;2025-08;0
C0191;2023-09;0
C0191;2023-10;0
C0191;2023-11;0
C0191;2023-12;0
C0191;2024-01;0
C0191;2024-02;0
C0191;2024-03;0
C0191;2024-04;0
C0191;2024-05;0
C0191;2024-06;1
C0191;2024-07;0
C0191;2024-08;1
C0191;2024-09;0
C0191;2024-10;0
C0191;2024-11;0
C0191;2024-12;0
C0191;2025-01;0
C0191;2025-02;0
C0191;2025-03;0
C0191;2025-04;0
C0191;2025-05;0
C0191;2025-06;0
C0191;2025-07;0
C0191;2025-08;0
C0192;2023-09;0
C0192;2023-10;0
C0192;2023-11;0
C0192;2023-12;1
C0192;2024-01;0
C0192;2024-02;0
C0192;2024-03;0
C0192;2024-04;0
C0192;2024-05;0
C0192;2024-06;0
C0192;2024-07;0
C0192;2024-08;0
C0192;2024-09;0
C0192;2024-10;0
C0192;2024-11;0
C0192;2024-12;0
C0192;2025-01;0
C0192;2025-02;0
C0192;2025-03;1
C0192;2025-04;0
C0192;2025-05;0
C0192;2025-06;0
C0192;2025-07;0
C0192;2025-08;0
C0193;2023-09;0
C0193;2023-10;0
C0193;2023-11;0
C0193;2023-12;0
C0193;2024-01;0
C0193;2024-02;0
C0193;2024-03;1
C0193;2024-04;0
C0193;2024-05;0
C0193;2024-06;0
C0193;2024-07;0
C0193;2024-08;0
C0193;2024-09;0
C0193;2024-10;1
C0193;2024-11;0
C0193;2024-12;0
C0193;2025-01;0
C0193;2025-02;0
C0193;2025-03;1
C0193;2025-04;0
C0193;2025-05;1
C0193;2025-06;0
C0193;2025-07;0
C0193;2025-08;0
C0194;2023-09;0
C0194;2023-10;0
C0194;2023-11;1
C0194;2023-12;0
C0194;2024-01;0
C0194;2024-02;0
C0194;2024-03;0
C0194;2024-04;0
C0194;2024-05;0
C0194;2024-06;1
C0194;2024-07;0
C0194;2024-08;0
C0194;2024-09;0
C0194;2024-10;0
C0194;2024-11;0
C0194;2024-12;0
C0194;2025-01;0
C0194;2025-02;0
C0194;2025-03;0
C0194;2025-04;0
C0194;2025-05;0
C0194;2025-06;0
C0194;2025-07;0
C0194;2025-08;0
C0195;2023-09;0
C0195;2023-10;0
C0195;2023-11;0
C0195;2023-12;0
C0195;2024-01;0
C0195;2024-02;0
C0195;2024-03;0
C0195;2024-04;1
C0195;2024-05;0
C0195;2024-06;0
C0195;2024-07;1
C0195;2024-08;0
C0195;2024-09;0
C0195;2024-10;1
C0195;2024-11;1
C0195;2024-12;0
C0195;2025-01;0
C0195;2025-02;0
C0195;2025-03;0
C0195;2025-04;1
C0195;2025-05;0
C0195;2025-06;0
C0195;2025-07;0
C0195;2025-08;0
C0196;2023-09;0
C0196;2023-10;0
C0196;2023-11;0
C0196;2023-12;0
C0196;2024-01;0
C0196;2024-02;0
C0196;2024-03;0
C0196;2024-04;0
C0196;2024-05;0
C0196;2024-06;1
C0196;2024-07;0
C0196;2024-08;0
C0196;2024-09;0
C0196;2024-10;1
C0196;2024-11;0
C0196;2024-12;0
C0196;2025-01;0
C0196;2025-02;0
C0196;2025-03;1
C0196;2025-04;0
C0196;2025-05;0
C0196;2025-06;0
C0196;2025-07;0
C0196;2025-08;0
C0197;2023-09;0
C0197;2023-10;1
C0197;2023-11;0
C0197;2023-12;0
C0197;2024-01;0
C0197;2024-02;0
C0197;2024-03;0
C0197;2024-04;0
C0197;2024-05;0
C0197;2024-06;0
C0197;2024-07;0
C0197;2024-08;0
C0197;2024-09;0
C0197;2024-10;0
C0197;2024-11;0
C0197;2024-12;0
C0197;2025-01;0
C0197;2025-02;0
C0197;2025-03;0
C0197;2025-04;0
C0197;2025-05;1
C0197;2025-06;0
C0197;2025-07;1
C0197;2025-08;0
C0198;2023-09;0
C0198;2023-10;0
C0198;2023-11;0
C0198;2023-12;1
C0198;2024-01;0
C0198;2024-02;0
C0198;2024-03;0
C0198;2024-04;0
C0198;2024-05;0
C0198;2024-06;0
C0198;2024-07;0
C0198;2024-08;0
C0198;2024-09;0
C0198;2024-10;0
C0198;2024-11;0
C0198;2024-12;0
C0198;2025-01;0
C0198;2025-02;0
C0198;2025-03;0
C0198;2025-04;0
C0198;2025-05;0
C0198;2025-06;0
C0198;2025-07;0
C0198;2025-08;0
C0199;2023-09;0
C0199;2023-10;0
C0199;2023-11;1
C0199;2023-12;0
C0199;2024-01;0
C0199;2024-02;0
C0199;2024-03;0
C0199;2024-04;0
C0199;2024-05;0
C0199;2024-06;0
C0199;2024-07;0
C0199;2024-08;1
C0199;2024-09;0
C0199;2024-10;0
C0199;2024-11;0
C0199;2024-12;0
C0199;2025-01;0
C0199;2025-02;0
C0199;2025-03;0
C0199;2025-04;0
C0199;2025-05;0
C0199;2025-06;1
C0199;2025-07;0
C0199;2025-08;0
C0200;2023-09;0
C0200;2023-10;0
C0200;2023-11;0
C0200;2023-12;0
C0200;2024-01;0
C0200;2024-02;0
C0200;2024-03;0
C0200;2024-04;1
C0200;2024-05;0
C0200;2024-06;0
C0200;2024-07;0
C0200;2024-08;0
C0200;2024-09;0
C0200;2024-10;0
C0200;2024-11;0
C0200;2024-12;0
C0200;2025-01;0
C0200;2025-02;0
C0200;2025-03;0
C0200;2025-04;1
C0200;2025-05;0
C0200;2025-06;0
C0200;2025-07;0
C0200;2025-08;1
